num__Chambres,num__Superficie_m2,num__DistanceRoute_m,num__AgeMaison,binary__Salon,binary__SalleDeBainInterieure,binary__Parking,binary__Meuble,binary__Jardin,nom__Quartier_Buyenzi,nom__Quartier_Bwiza,nom__Quartier_Cibitoke,nom__Quartier_Gasekebuye,nom__Quartier_Gihosha,nom__Quartier_Jabe,nom__Quartier_Kamenge,nom__Quartier_Kinama,nom__Quartier_Kinanira,nom__Quartier_Kiriri,nom__Quartier_Musaga,nom__Quartier_Ngagara,nom__Quartier_Nyakabiga,nom__Quartier_Rohero,LoyerMensuel_BIF,SurfaceParChambre,ChambresParSuperficie,DistanceLog,AgeMaisonLog,Age_Surface,Confort_Score,Confort_Surface,Confort_Chambres
3.0,119.0,26.0,27.0,1.0,0.0,1.0,0.0,1.0,0.0,0.0,1.0,0.0,0.0,0.0,0.0,0.0,0.0,0.0,0.0,0.0,0.0,0.0,951831,39.666666666666664,0.025210084033613446,3.295836866004329,3.332204510175204,3213.0,0,0.0,0.0
1.0,41.0,187.0,34.0,1.0,1.0,0.0,0.0,0.0,0.0,0.0,0.0,1.0,0.0,0.0,0.0,0.0,0.0,0.0,0.0,0.0,0.0,0.0,533641,41.0,0.024390243902439025,5.236441962829949,3.5553480614894135,1394.0,0,0.0,0.0
5.0,232.0,97.0,27.0,1.0,1.0,1.0,1.0,1.0,0.0,0.0,0.0,0.0,0.0,0.0,0.0,0.0,0.0,0.0,0.0,0.0,0.0,1.0,2600000,46.4,0.021551724137931036,4.584967478670572,3.332204510175204,6264.0,0,0.0,0.0
6.0,284.0,119.0,29.0,1.0,1.0,1.0,1.0,0.0,0.0,0.0,0.0,0.0,0.0,0.0,0.0,1.0,0.0,0.0,0.0,0.0,0.0,0.0,1421577,47.333333333333336,0.02112676056338028,4.787491742782046,3.4011973816621555,8236.0,0,0.0,0.0
2.0,118.0,90.0,34.0,1.0,1.0,0.0,1.0,0.0,0.0,0.0,0.0,0.0,0.0,0.0,0.0,0.0,0.0,0.0,0.0,0.0,1.0,0.0,1139022,59.0,0.01694915254237288,4.51085950651685,3.5553480614894135,4012.0,0,0.0,0.0
4.0,191.0,12.0,19.0,1.0,1.0,0.0,0.0,1.0,0.0,0.0,0.0,0.0,0.0,0.0,0.0,0.0,0.0,0.0,1.0,0.0,0.0,0.0,1055370,47.75,0.020942408376963352,2.5649493574615367,2.995732273553991,3629.0,0,0.0,0.0
5.0,221.0,243.0,17.0,1.0,1.0,1.0,1.0,1.0,0.0,0.0,0.0,0.0,0.0,0.0,0.0,0.0,0.0,0.0,0.0,0.0,1.0,0.0,1597434,44.2,0.02262443438914027,5.497168225293202,2.8903717578961645,3757.0,0,0.0,0.0
6.0,287.0,7.0,26.0,1.0,1.0,0.0,0.0,1.0,0.0,0.0,0.0,0.0,0.0,0.0,0.0,0.0,0.0,0.0,0.0,0.0,0.0,1.0,2600000,47.833333333333336,0.020905923344947737,2.0794415416798357,3.295836866004329,7462.0,0,0.0,0.0
1.0,33.0,238.0,7.0,1.0,0.0,1.0,0.0,0.0,0.0,0.0,0.0,0.0,0.0,0.0,0.0,0.0,0.0,0.0,0.0,0.0,1.0,0.0,429276,33.0,0.030303030303030304,5.476463551931511,2.0794415416798357,231.0,0,0.0,0.0
5.0,249.0,25.0,37.0,1.0,1.0,1.0,0.0,1.0,0.0,0.0,1.0,0.0,0.0,0.0,0.0,0.0,0.0,0.0,0.0,0.0,0.0,0.0,1604301,49.8,0.020080321285140562,3.258096538021482,3.6375861597263857,9213.0,0,0.0,0.0
4.0,193.0,183.0,19.0,1.0,1.0,1.0,0.0,0.0,0.0,0.0,0.0,0.0,0.0,1.0,0.0,0.0,0.0,0.0,0.0,0.0,0.0,0.0,1065267,48.25,0.02072538860103627,5.214935757608986,2.995732273553991,3667.0,0,0.0,0.0
4.0,217.0,153.0,34.0,1.0,1.0,1.0,0.0,1.0,0.0,1.0,0.0,0.0,0.0,0.0,0.0,0.0,0.0,0.0,0.0,0.0,0.0,0.0,772406,54.25,0.018433179723502304,5.0369526024136295,3.5553480614894135,7378.0,0,0.0,0.0
6.0,293.0,61.0,37.0,1.0,1.0,1.0,0.0,0.0,0.0,0.0,0.0,0.0,0.0,0.0,1.0,0.0,0.0,0.0,0.0,0.0,0.0,0.0,987010,48.833333333333336,0.020477815699658702,4.127134385045092,3.6375861597263857,10841.0,0,0.0,0.0
4.0,197.0,44.0,32.0,1.0,1.0,0.0,0.0,1.0,0.0,0.0,0.0,0.0,0.0,0.0,0.0,0.0,0.0,0.0,0.0,0.0,1.0,0.0,1146731,49.25,0.02030456852791878,3.8066624897703196,3.4965075614664802,6304.0,0,0.0,0.0
5.0,248.0,281.0,35.0,1.0,1.0,0.0,0.0,0.0,0.0,0.0,0.0,1.0,0.0,0.0,0.0,0.0,0.0,0.0,0.0,0.0,0.0,0.0,2200592,49.6,0.020161290322580645,5.641907070938114,3.58351893845611,8680.0,0,0.0,0.0
4.0,164.0,20.0,30.0,1.0,1.0,1.0,0.0,0.0,0.0,0.0,1.0,0.0,0.0,0.0,0.0,0.0,0.0,0.0,0.0,0.0,0.0,0.0,889998,41.0,0.024390243902439025,3.044522437723423,3.4339872044851463,4920.0,0,0.0,0.0
4.0,202.0,123.0,3.0,1.0,0.0,0.0,1.0,0.0,0.0,0.0,0.0,0.0,0.0,0.0,0.0,0.0,1.0,0.0,0.0,0.0,0.0,0.0,1622245,50.5,0.019801980198019802,4.820281565605037,1.3862943611198906,606.0,0,0.0,0.0
5.0,217.0,65.0,15.0,1.0,1.0,1.0,1.0,0.0,0.0,0.0,0.0,0.0,0.0,0.0,1.0,0.0,0.0,0.0,0.0,0.0,0.0,0.0,1160062,43.4,0.02304147465437788,4.189654742026425,2.772588722239781,3255.0,0,0.0,0.0
2.0,120.0,143.0,24.0,1.0,0.0,0.0,0.0,1.0,0.0,0.0,0.0,0.0,0.0,0.0,0.0,0.0,0.0,0.0,0.0,0.0,0.0,1.0,1588560,60.0,0.016666666666666666,4.969813299576001,3.2188758248682006,2880.0,0,0.0,0.0
3.0,169.0,31.0,20.0,1.0,1.0,0.0,0.0,1.0,0.0,0.0,0.0,0.0,0.0,0.0,0.0,0.0,0.0,0.0,0.0,0.0,1.0,0.0,1743777,56.333333333333336,0.01775147928994083,3.4657359027997265,3.044522437723423,3380.0,0,0.0,0.0
4.0,169.0,239.0,14.0,1.0,1.0,1.0,0.0,1.0,0.0,0.0,1.0,0.0,0.0,0.0,0.0,0.0,0.0,0.0,0.0,0.0,0.0,0.0,1190263,42.25,0.023668639053254437,5.480638923341991,2.70805020110221,2366.0,0,0.0,0.0
2.0,101.0,153.0,23.0,0.0,1.0,1.0,0.0,1.0,0.0,0.0,0.0,0.0,0.0,0.0,0.0,0.0,0.0,0.0,0.0,1.0,0.0,0.0,702553,50.5,0.019801980198019802,5.0369526024136295,3.1780538303479458,2323.0,0,0.0,0.0
4.0,180.0,97.0,25.0,1.0,1.0,1.0,0.0,0.0,0.0,0.0,0.0,0.0,0.0,0.0,0.0,0.0,0.0,0.0,0.0,0.0,1.0,0.0,1252226,45.0,0.022222222222222223,4.584967478670572,3.258096538021482,4500.0,0,0.0,0.0
2.0,75.0,261.0,39.0,1.0,1.0,0.0,0.0,0.0,0.0,0.0,0.0,0.0,0.0,0.0,0.0,0.0,0.0,0.0,0.0,0.0,1.0,0.0,436094,37.5,0.02666666666666667,5.568344503761097,3.6888794541139363,2925.0,0,0.0,0.0
6.0,289.0,294.0,12.0,1.0,1.0,1.0,0.0,1.0,0.0,1.0,0.0,0.0,0.0,0.0,0.0,0.0,0.0,0.0,0.0,0.0,0.0,0.0,1022991,48.166666666666664,0.020761245674740483,5.68697535633982,2.5649493574615367,3468.0,0,0.0,0.0
5.0,259.0,33.0,22.0,1.0,1.0,0.0,0.0,1.0,1.0,0.0,0.0,0.0,0.0,0.0,0.0,0.0,0.0,0.0,0.0,0.0,0.0,0.0,889633,51.8,0.019305019305019305,3.5263605246161616,3.1354942159291497,5698.0,0,0.0,0.0
4.0,30.0,43.0,13.0,1.0,1.0,0.0,0.0,0.0,0.0,0.0,0.0,0.0,0.0,0.0,0.0,0.0,0.0,0.0,1.0,0.0,0.0,0.0,295927,7.5,0.13333333333333333,3.784189633918261,2.639057329615259,390.0,0,0.0,0.0
5.0,259.0,168.0,24.0,1.0,1.0,0.0,0.0,0.0,0.0,0.0,0.0,0.0,0.0,0.0,0.0,0.0,0.0,1.0,0.0,0.0,0.0,0.0,2600000,51.8,0.019305019305019305,5.1298987149230735,3.2188758248682006,6216.0,0,0.0,0.0
5.0,218.0,65.0,25.0,1.0,1.0,1.0,0.0,1.0,0.0,0.0,0.0,0.0,0.0,0.0,0.0,0.0,0.0,0.0,1.0,0.0,0.0,0.0,1326405,43.6,0.022935779816513763,4.189654742026425,3.258096538021482,5450.0,0,0.0,0.0
5.0,216.0,262.0,20.0,1.0,1.0,1.0,1.0,1.0,0.0,0.0,0.0,0.0,0.0,0.0,0.0,0.0,0.0,0.0,0.0,0.0,1.0,0.0,1584595,43.2,0.023148148148148147,5.572154032177765,3.044522437723423,4320.0,0,0.0,0.0
2.0,121.0,238.0,20.0,1.0,1.0,1.0,1.0,0.0,0.0,0.0,0.0,0.0,0.0,0.0,0.0,0.0,0.0,0.0,0.0,1.0,0.0,0.0,1185706,60.5,0.01652892561983471,5.476463551931511,3.044522437723423,2420.0,0,0.0,0.0
6.0,279.0,160.0,7.0,1.0,1.0,0.0,0.0,0.0,0.0,0.0,0.0,0.0,0.0,0.0,0.0,0.0,0.0,1.0,0.0,0.0,0.0,0.0,2600000,46.5,0.021505376344086023,5.081404364984463,2.0794415416798357,1953.0,0,0.0,0.0
1.0,54.0,124.0,27.0,1.0,0.0,1.0,0.0,0.0,0.0,0.0,0.0,0.0,0.0,0.0,1.0,0.0,0.0,0.0,0.0,0.0,0.0,0.0,332640,54.0,0.018518518518518517,4.8283137373023015,3.332204510175204,1458.0,0,0.0,0.0
6.0,256.0,112.0,27.0,1.0,1.0,0.0,0.0,0.0,0.0,0.0,0.0,0.0,0.0,0.0,0.0,0.0,0.0,0.0,0.0,0.0,0.0,1.0,2600000,42.666666666666664,0.0234375,4.727387818712341,3.332204510175204,6912.0,0,0.0,0.0
5.0,230.0,180.0,20.0,1.0,1.0,1.0,0.0,0.0,0.0,0.0,0.0,0.0,0.0,0.0,0.0,0.0,0.0,0.0,0.0,0.0,1.0,0.0,1346455,46.0,0.021739130434782608,5.198497031265826,3.044522437723423,4600.0,0,0.0,0.0
2.0,89.0,183.0,14.0,1.0,0.0,1.0,0.0,1.0,0.0,0.0,0.0,0.0,0.0,0.0,0.0,0.0,0.0,0.0,0.0,0.0,1.0,0.0,728910,44.5,0.02247191011235955,5.214935757608986,2.70805020110221,1246.0,0,0.0,0.0
5.0,252.0,289.0,20.0,1.0,1.0,1.0,1.0,0.0,0.0,0.0,0.0,0.0,0.0,0.0,0.0,0.0,0.0,0.0,0.0,1.0,0.0,0.0,1788192,50.4,0.01984126984126984,5.66988092298052,3.044522437723423,5040.0,0,0.0,0.0
4.0,243.0,141.0,8.0,1.0,1.0,1.0,0.0,0.0,0.0,0.0,0.0,0.0,0.0,0.0,0.0,1.0,0.0,0.0,0.0,0.0,0.0,0.0,876345,60.75,0.01646090534979424,4.955827057601261,2.1972245773362196,1944.0,0,0.0,0.0
1.0,30.0,10.0,16.0,1.0,1.0,1.0,0.0,0.0,0.0,0.0,0.0,0.0,0.0,0.0,0.0,0.0,0.0,0.0,0.0,0.0,1.0,0.0,501563,30.0,0.03333333333333333,2.3978952727983707,2.833213344056216,480.0,0,0.0,0.0
2.0,103.0,17.0,34.0,1.0,1.0,1.0,0.0,0.0,0.0,0.0,0.0,0.0,0.0,0.0,0.0,0.0,0.0,0.0,0.0,0.0,1.0,0.0,667150,51.5,0.019417475728155338,2.8903717578961645,3.5553480614894135,3502.0,0,0.0,0.0
4.0,209.0,190.0,31.0,1.0,0.0,1.0,0.0,1.0,1.0,0.0,0.0,0.0,0.0,0.0,0.0,0.0,0.0,0.0,0.0,0.0,0.0,0.0,684542,52.25,0.019138755980861243,5.25227342804663,3.4657359027997265,6479.0,0,0.0,0.0
4.0,47.0,174.0,1.0,1.0,0.0,1.0,0.0,0.0,0.0,0.0,0.0,0.0,0.0,0.0,0.0,0.0,0.0,0.0,0.0,0.0,0.0,1.0,1028667,11.75,0.0851063829787234,5.1647859739235145,0.6931471805599453,47.0,0,0.0,0.0
6.0,265.0,279.0,12.0,1.0,1.0,0.0,0.0,1.0,0.0,0.0,0.0,0.0,0.0,0.0,0.0,0.0,0.0,0.0,0.0,1.0,0.0,0.0,2068140,44.166666666666664,0.022641509433962263,5.634789603169249,2.5649493574615367,3180.0,0,0.0,0.0
6.0,250.0,65.0,16.0,1.0,1.0,1.0,0.0,1.0,0.0,0.0,1.0,0.0,0.0,0.0,0.0,0.0,0.0,0.0,0.0,0.0,0.0,0.0,1667009,41.666666666666664,0.024,4.189654742026425,2.833213344056216,4000.0,0,0.0,0.0
4.0,197.0,121.0,36.0,1.0,0.0,1.0,1.0,0.0,0.0,0.0,0.0,0.0,0.0,0.0,0.0,1.0,0.0,0.0,0.0,0.0,0.0,0.0,902442,49.25,0.02030456852791878,4.804021044733257,3.6109179126442243,7092.0,0,0.0,0.0
2.0,95.0,211.0,13.0,0.0,1.0,1.0,0.0,1.0,0.0,0.0,0.0,0.0,0.0,1.0,0.0,0.0,0.0,0.0,0.0,0.0,0.0,0.0,727436,47.5,0.021052631578947368,5.356586274672012,2.639057329615259,1235.0,0,0.0,0.0
1.0,47.0,218.0,27.0,0.0,0.0,1.0,0.0,0.0,0.0,0.0,0.0,0.0,0.0,0.0,0.0,0.0,0.0,1.0,0.0,0.0,0.0,0.0,663181,47.0,0.02127659574468085,5.389071729816501,3.332204510175204,1269.0,0,0.0,0.0
3.0,144.0,153.0,13.0,1.0,1.0,0.0,1.0,0.0,0.0,0.0,1.0,0.0,0.0,0.0,0.0,0.0,0.0,0.0,0.0,0.0,0.0,0.0,1060181,48.0,0.020833333333333332,5.0369526024136295,2.639057329615259,1872.0,0,0.0,0.0
4.0,208.0,36.0,11.0,1.0,1.0,1.0,0.0,1.0,0.0,0.0,0.0,0.0,0.0,0.0,0.0,1.0,0.0,0.0,0.0,0.0,0.0,0.0,958924,52.0,0.019230769230769232,3.6109179126442243,2.4849066497880004,2288.0,0,0.0,0.0
4.0,103.0,286.0,9.0,1.0,1.0,1.0,0.0,0.0,0.0,0.0,0.0,0.0,0.0,0.0,0.0,0.0,0.0,0.0,0.0,1.0,0.0,0.0,867065,25.75,0.038834951456310676,5.659482215759621,2.302585092994046,927.0,0,0.0,0.0
5.0,207.0,212.0,12.0,1.0,1.0,1.0,0.0,0.0,0.0,0.0,0.0,0.0,0.0,0.0,0.0,0.0,0.0,0.0,0.0,0.0,1.0,0.0,1256873,41.4,0.024154589371980676,5.3612921657094255,2.5649493574615367,2484.0,0,0.0,0.0
2.0,169.0,131.0,21.0,1.0,1.0,0.0,0.0,1.0,0.0,0.0,0.0,0.0,0.0,0.0,0.0,0.0,1.0,0.0,0.0,0.0,0.0,0.0,1051769,84.5,0.011834319526627219,4.882801922586371,3.091042453358316,3549.0,0,0.0,0.0
4.0,192.0,63.0,11.0,1.0,1.0,1.0,0.0,1.0,0.0,0.0,0.0,0.0,0.0,0.0,0.0,0.0,0.0,0.0,0.0,0.0,1.0,0.0,1253462,48.0,0.020833333333333332,4.1588830833596715,2.4849066497880004,2112.0,0,0.0,0.0
1.0,40.0,66.0,24.0,1.0,1.0,0.0,0.0,0.0,0.0,0.0,0.0,0.0,0.0,0.0,0.0,0.0,0.0,1.0,0.0,0.0,0.0,0.0,859665,40.0,0.025,4.204692619390966,3.2188758248682006,960.0,0,0.0,0.0
6.0,275.0,228.0,35.0,1.0,1.0,0.0,0.0,1.0,0.0,0.0,0.0,0.0,0.0,0.0,0.0,0.0,0.0,1.0,0.0,0.0,0.0,0.0,2600000,45.833333333333336,0.02181818181818182,5.43372200355424,3.58351893845611,9625.0,0,0.0,0.0
2.0,79.0,172.0,1.0,0.0,1.0,1.0,0.0,1.0,0.0,0.0,0.0,0.0,1.0,0.0,0.0,0.0,0.0,0.0,0.0,0.0,0.0,0.0,1047467,39.5,0.02531645569620253,5.153291594497779,0.6931471805599453,79.0,0,0.0,0.0
1.0,37.0,91.0,23.0,1.0,1.0,1.0,0.0,0.0,0.0,0.0,1.0,0.0,0.0,0.0,0.0,0.0,0.0,0.0,0.0,0.0,0.0,0.0,405293,37.0,0.02702702702702703,4.5217885770490405,3.1780538303479458,851.0,0,0.0,0.0
6.0,320.0,192.0,15.0,1.0,1.0,1.0,1.0,0.0,0.0,0.0,0.0,0.0,0.0,0.0,0.0,0.0,0.0,1.0,0.0,0.0,0.0,0.0,150000,53.333333333333336,0.01875,5.262690188904886,2.772588722239781,4800.0,0,0.0,0.0
2.0,74.0,137.0,12.0,1.0,1.0,1.0,0.0,0.0,0.0,0.0,1.0,0.0,0.0,0.0,0.0,0.0,0.0,0.0,0.0,0.0,0.0,0.0,616713,37.0,0.02702702702702703,4.927253685157205,2.5649493574615367,888.0,0,0.0,0.0
6.0,281.0,207.0,22.0,1.0,1.0,0.0,0.0,0.0,0.0,0.0,0.0,0.0,0.0,0.0,1.0,0.0,0.0,0.0,0.0,0.0,0.0,0.0,1020710,46.833333333333336,0.021352313167259787,5.337538079701318,3.1354942159291497,6182.0,0,0.0,0.0
5.0,207.0,220.0,22.0,1.0,1.0,1.0,0.0,0.0,0.0,0.0,0.0,0.0,1.0,0.0,0.0,0.0,0.0,0.0,0.0,0.0,0.0,0.0,1914672,41.4,0.024154589371980676,5.3981627015177525,3.1354942159291497,4554.0,0,0.0,0.0
4.0,175.0,272.0,20.0,1.0,1.0,0.0,0.0,0.0,0.0,0.0,0.0,0.0,0.0,0.0,1.0,0.0,0.0,0.0,0.0,0.0,0.0,0.0,724139,43.75,0.022857142857142857,5.60947179518496,3.044522437723423,3500.0,0,0.0,0.0
5.0,227.0,174.0,22.0,1.0,1.0,1.0,1.0,1.0,0.0,0.0,0.0,1.0,0.0,0.0,0.0,0.0,0.0,0.0,0.0,0.0,0.0,0.0,2600000,45.4,0.022026431718061675,5.1647859739235145,3.1354942159291497,4994.0,0,0.0,0.0
5.0,264.0,7.0,37.0,1.0,1.0,1.0,0.0,0.0,0.0,0.0,0.0,0.0,0.0,0.0,0.0,0.0,1.0,0.0,0.0,0.0,0.0,0.0,2137503,52.8,0.01893939393939394,2.0794415416798357,3.6375861597263857,9768.0,0,0.0,0.0
5.0,225.0,60.0,22.0,1.0,1.0,0.0,0.0,0.0,0.0,0.0,0.0,0.0,0.0,0.0,0.0,0.0,0.0,1.0,0.0,0.0,0.0,0.0,2600000,45.0,0.022222222222222223,4.110873864173311,3.1354942159291497,4950.0,0,0.0,0.0
4.0,176.0,264.0,16.0,1.0,1.0,0.0,0.0,1.0,0.0,0.0,0.0,0.0,0.0,0.0,0.0,0.0,1.0,0.0,0.0,0.0,0.0,0.0,1578234,44.0,0.022727272727272728,5.579729825986222,2.833213344056216,2816.0,0,0.0,0.0
3.0,131.0,91.0,35.0,1.0,1.0,1.0,1.0,1.0,0.0,0.0,0.0,0.0,0.0,0.0,0.0,0.0,0.0,0.0,0.0,0.0,1.0,0.0,1375994,43.666666666666664,0.022900763358778626,4.5217885770490405,3.58351893845611,4585.0,0,0.0,0.0
3.0,168.0,153.0,24.0,1.0,1.0,0.0,0.0,0.0,0.0,0.0,0.0,0.0,0.0,0.0,1.0,0.0,0.0,0.0,0.0,0.0,0.0,0.0,638560,56.0,0.017857142857142856,5.0369526024136295,3.2188758248682006,4032.0,0,0.0,0.0
4.0,192.0,160.0,7.0,1.0,0.0,0.0,0.0,0.0,0.0,0.0,0.0,0.0,0.0,0.0,0.0,0.0,0.0,0.0,0.0,0.0,1.0,0.0,947421,48.0,0.020833333333333332,5.081404364984463,2.0794415416798357,1344.0,0,0.0,0.0
3.0,146.0,242.0,16.0,1.0,1.0,0.0,1.0,0.0,0.0,0.0,0.0,0.0,0.0,0.0,0.0,0.0,0.0,1.0,0.0,0.0,0.0,0.0,2383077,48.666666666666664,0.02054794520547945,5.493061443340548,2.833213344056216,2336.0,0,0.0,0.0
6.0,301.0,97.0,1.0,1.0,1.0,1.0,0.0,0.0,0.0,1.0,0.0,0.0,0.0,0.0,0.0,0.0,0.0,0.0,0.0,0.0,0.0,0.0,856704,50.166666666666664,0.019933554817275746,4.584967478670572,0.6931471805599453,301.0,0,0.0,0.0
2.0,123.0,15.0,0.0,1.0,0.0,0.0,0.0,1.0,0.0,0.0,0.0,0.0,0.0,0.0,1.0,0.0,0.0,0.0,0.0,0.0,0.0,0.0,635416,61.5,0.016260162601626018,2.772588722239781,0.0,0.0,0,0.0,0.0
4.0,161.0,81.0,17.0,1.0,1.0,1.0,0.0,0.0,0.0,1.0,0.0,0.0,0.0,0.0,0.0,0.0,0.0,0.0,0.0,0.0,0.0,0.0,579453,40.25,0.024844720496894408,4.406719247264253,2.8903717578961645,2737.0,0,0.0,0.0
4.0,119.0,249.0,10.0,1.0,1.0,0.0,0.0,1.0,0.0,0.0,0.0,0.0,0.0,1.0,0.0,0.0,0.0,0.0,0.0,0.0,0.0,0.0,824889,29.75,0.03361344537815126,5.521460917862246,2.3978952727983707,1190.0,0,0.0,0.0
5.0,235.0,277.0,34.0,1.0,1.0,1.0,0.0,0.0,1.0,0.0,0.0,0.0,0.0,0.0,0.0,0.0,0.0,0.0,0.0,0.0,0.0,0.0,741104,47.0,0.02127659574468085,5.627621113690637,3.5553480614894135,7990.0,0,0.0,0.0
1.0,65.0,122.0,12.0,0.0,1.0,0.0,0.0,0.0,0.0,0.0,0.0,0.0,0.0,0.0,0.0,0.0,0.0,0.0,0.0,0.0,1.0,0.0,393107,65.0,0.015384615384615385,4.812184355372417,2.5649493574615367,780.0,0,0.0,0.0
3.0,147.0,186.0,8.0,1.0,0.0,1.0,0.0,0.0,0.0,1.0,0.0,0.0,0.0,0.0,0.0,0.0,0.0,0.0,0.0,0.0,0.0,0.0,580812,49.0,0.02040816326530612,5.231108616854587,2.1972245773362196,1176.0,0,0.0,0.0
3.0,119.0,199.0,33.0,1.0,1.0,0.0,0.0,0.0,0.0,0.0,0.0,0.0,0.0,0.0,0.0,1.0,0.0,0.0,0.0,0.0,0.0,0.0,365296,39.666666666666664,0.025210084033613446,5.298317366548036,3.5263605246161616,3927.0,0,0.0,0.0
6.0,278.0,297.0,40.0,1.0,1.0,1.0,0.0,0.0,0.0,0.0,0.0,0.0,0.0,0.0,0.0,0.0,0.0,0.0,0.0,0.0,1.0,0.0,1625730,46.333333333333336,0.02158273381294964,5.697093486505405,3.713572066704308,11120.0,0,0.0,0.0
1.0,43.0,164.0,26.0,1.0,1.0,0.0,0.0,0.0,0.0,0.0,0.0,0.0,0.0,0.0,0.0,0.0,1.0,0.0,0.0,0.0,0.0,0.0,476807,43.0,0.023255813953488372,5.10594547390058,3.295836866004329,1118.0,0,0.0,0.0
2.0,94.0,243.0,12.0,1.0,0.0,1.0,0.0,0.0,0.0,0.0,0.0,0.0,1.0,0.0,0.0,0.0,0.0,0.0,0.0,0.0,0.0,0.0,881102,47.0,0.02127659574468085,5.497168225293202,2.5649493574615367,1128.0,0,0.0,0.0
2.0,109.0,197.0,32.0,1.0,1.0,0.0,1.0,0.0,0.0,0.0,0.0,0.0,0.0,0.0,0.0,0.0,0.0,1.0,0.0,0.0,0.0,0.0,1821920,54.5,0.01834862385321101,5.288267030694535,3.4965075614664802,3488.0,0,0.0,0.0
1.0,31.0,122.0,18.0,1.0,1.0,1.0,0.0,0.0,0.0,0.0,0.0,0.0,0.0,0.0,0.0,1.0,0.0,0.0,0.0,0.0,0.0,0.0,315568,31.0,0.03225806451612903,4.812184355372417,2.9444389791664403,558.0,0,0.0,0.0
5.0,263.0,180.0,8.0,1.0,1.0,1.0,0.0,0.0,0.0,0.0,0.0,0.0,1.0,0.0,0.0,0.0,0.0,0.0,0.0,0.0,0.0,0.0,2216024,52.6,0.019011406844106463,5.198497031265826,2.1972245773362196,2104.0,0,0.0,0.0
3.0,167.0,171.0,39.0,1.0,1.0,1.0,0.0,1.0,0.0,0.0,1.0,0.0,0.0,0.0,0.0,0.0,0.0,0.0,0.0,0.0,0.0,0.0,827999,55.666666666666664,0.017964071856287425,5.147494476813453,3.6888794541139363,6513.0,0,0.0,0.0
2.0,101.0,55.0,14.0,1.0,1.0,1.0,0.0,0.0,0.0,0.0,0.0,1.0,0.0,0.0,0.0,0.0,0.0,0.0,0.0,0.0,0.0,0.0,1229262,50.5,0.019801980198019802,4.02535169073515,2.70805020110221,1414.0,0,0.0,0.0
3.0,174.0,152.0,38.0,1.0,1.0,1.0,0.0,1.0,0.0,0.0,0.0,0.0,0.0,0.0,0.0,0.0,0.0,0.0,0.0,0.0,1.0,0.0,1056394,58.0,0.017241379310344827,5.030437921392435,3.6635616461296463,6612.0,0,0.0,0.0
1.0,78.0,236.0,36.0,0.0,0.0,1.0,0.0,1.0,0.0,0.0,0.0,0.0,0.0,0.0,0.0,0.0,1.0,0.0,0.0,0.0,0.0,0.0,541250,78.0,0.01282051282051282,5.4680601411351315,3.6109179126442243,2808.0,0,0.0,0.0
1.0,79.0,191.0,20.0,1.0,1.0,1.0,0.0,0.0,0.0,0.0,0.0,0.0,1.0,0.0,0.0,0.0,0.0,0.0,0.0,0.0,0.0,0.0,911902,79.0,0.012658227848101266,5.2574953720277815,3.044522437723423,1580.0,0,0.0,0.0
4.0,223.0,23.0,33.0,1.0,1.0,0.0,0.0,1.0,0.0,0.0,0.0,0.0,0.0,0.0,0.0,0.0,0.0,1.0,0.0,0.0,0.0,0.0,2164627,55.75,0.017937219730941704,3.1780538303479458,3.5263605246161616,7359.0,0,0.0,0.0
2.0,117.0,268.0,3.0,1.0,1.0,1.0,1.0,0.0,0.0,0.0,0.0,0.0,0.0,0.0,0.0,1.0,0.0,0.0,0.0,0.0,0.0,0.0,770113,58.5,0.017094017094017096,5.594711379601839,1.3862943611198906,351.0,0,0.0,0.0
2.0,128.0,32.0,29.0,1.0,0.0,1.0,1.0,1.0,1.0,0.0,0.0,0.0,0.0,0.0,0.0,0.0,0.0,0.0,0.0,0.0,0.0,0.0,693615,64.0,0.015625,3.4965075614664802,3.4011973816621555,3712.0,0,0.0,0.0
5.0,230.0,40.0,34.0,1.0,1.0,0.0,0.0,0.0,0.0,0.0,0.0,0.0,0.0,0.0,0.0,0.0,1.0,0.0,0.0,0.0,0.0,0.0,1558421,46.0,0.021739130434782608,3.713572066704308,3.5553480614894135,7820.0,0,0.0,0.0
4.0,193.0,133.0,30.0,1.0,1.0,1.0,0.0,1.0,1.0,0.0,0.0,0.0,0.0,0.0,0.0,0.0,0.0,0.0,0.0,0.0,0.0,0.0,678188,48.25,0.02072538860103627,4.897839799950911,3.4339872044851463,5790.0,0,0.0,0.0
2.0,122.0,281.0,22.0,1.0,0.0,0.0,0.0,0.0,0.0,0.0,0.0,0.0,0.0,0.0,0.0,0.0,0.0,0.0,0.0,1.0,0.0,0.0,629805,61.0,0.01639344262295082,5.641907070938114,3.1354942159291497,2684.0,0,0.0,0.0
4.0,217.0,286.0,20.0,1.0,0.0,1.0,0.0,1.0,0.0,0.0,0.0,0.0,0.0,0.0,0.0,0.0,0.0,0.0,0.0,0.0,1.0,0.0,774690,54.25,0.018433179723502304,5.659482215759621,3.044522437723423,4340.0,0,0.0,0.0
5.0,257.0,122.0,22.0,1.0,1.0,1.0,0.0,1.0,0.0,0.0,0.0,1.0,0.0,0.0,0.0,0.0,0.0,0.0,0.0,0.0,0.0,0.0,2451878,51.4,0.019455252918287938,4.812184355372417,3.1354942159291497,5654.0,0,0.0,0.0
2.0,127.0,170.0,35.0,1.0,1.0,0.0,0.0,0.0,0.0,0.0,0.0,0.0,0.0,0.0,1.0,0.0,0.0,0.0,0.0,0.0,0.0,0.0,382743,63.5,0.015748031496062992,5.14166355650266,3.58351893845611,4445.0,0,0.0,0.0
3.0,125.0,52.0,2.0,1.0,1.0,0.0,0.0,1.0,0.0,0.0,0.0,0.0,0.0,0.0,0.0,0.0,0.0,0.0,0.0,1.0,0.0,0.0,1208660,41.666666666666664,0.024,3.970291913552122,1.0986122886681096,250.0,0,0.0,0.0
5.0,221.0,90.0,39.0,1.0,1.0,1.0,0.0,0.0,0.0,0.0,0.0,0.0,0.0,0.0,0.0,0.0,0.0,0.0,1.0,0.0,0.0,0.0,1098204,44.2,0.02262443438914027,4.51085950651685,3.6888794541139363,8619.0,0,0.0,0.0
3.0,155.0,63.0,25.0,1.0,0.0,0.0,0.0,0.0,0.0,0.0,0.0,0.0,0.0,0.0,0.0,0.0,0.0,1.0,0.0,0.0,0.0,0.0,1681668,51.666666666666664,0.01935483870967742,4.1588830833596715,3.258096538021482,3875.0,0,0.0,0.0
4.0,144.0,265.0,16.0,1.0,1.0,0.0,0.0,0.0,0.0,0.0,0.0,0.0,0.0,0.0,0.0,0.0,1.0,0.0,0.0,0.0,0.0,0.0,1059409,36.0,0.027777777777777776,5.583496308781699,2.833213344056216,2304.0,0,0.0,0.0
4.0,181.0,64.0,24.0,1.0,1.0,1.0,0.0,0.0,0.0,0.0,0.0,0.0,0.0,1.0,0.0,0.0,0.0,0.0,0.0,0.0,0.0,0.0,1182846,45.25,0.022099447513812154,4.174387269895637,3.2188758248682006,4344.0,0,0.0,0.0
1.0,47.0,251.0,18.0,1.0,1.0,0.0,0.0,0.0,1.0,0.0,0.0,0.0,0.0,0.0,0.0,0.0,0.0,0.0,0.0,0.0,0.0,0.0,177224,47.0,0.02127659574468085,5.529429087511423,2.9444389791664403,846.0,0,0.0,0.0
2.0,105.0,157.0,9.0,1.0,1.0,1.0,0.0,0.0,0.0,0.0,0.0,0.0,0.0,0.0,0.0,1.0,0.0,0.0,0.0,0.0,0.0,0.0,705524,52.5,0.01904761904761905,5.062595033026967,2.302585092994046,945.0,0,0.0,0.0
3.0,169.0,76.0,32.0,1.0,0.0,0.0,0.0,1.0,0.0,0.0,0.0,0.0,0.0,0.0,0.0,0.0,0.0,0.0,0.0,0.0,0.0,1.0,1995431,56.333333333333336,0.01775147928994083,4.343805421853684,3.4965075614664802,5408.0,0,0.0,0.0
4.0,208.0,186.0,26.0,1.0,1.0,1.0,0.0,1.0,0.0,0.0,0.0,1.0,0.0,0.0,0.0,0.0,0.0,0.0,0.0,0.0,0.0,0.0,2109415,52.0,0.019230769230769232,5.231108616854587,3.295836866004329,5408.0,0,0.0,0.0
1.0,58.0,170.0,38.0,1.0,1.0,1.0,0.0,0.0,0.0,0.0,0.0,1.0,0.0,0.0,0.0,0.0,0.0,0.0,0.0,0.0,0.0,0.0,807331,58.0,0.017241379310344827,5.14166355650266,3.6635616461296463,2204.0,0,0.0,0.0
6.0,285.0,200.0,21.0,1.0,1.0,1.0,0.0,1.0,0.0,0.0,0.0,0.0,0.0,0.0,0.0,0.0,0.0,0.0,0.0,0.0,1.0,0.0,2600000,47.5,0.021052631578947368,5.303304908059076,3.091042453358316,5985.0,0,0.0,0.0
2.0,85.0,108.0,21.0,1.0,1.0,0.0,0.0,0.0,0.0,0.0,0.0,0.0,0.0,0.0,0.0,0.0,0.0,0.0,0.0,0.0,0.0,1.0,1224926,42.5,0.023529411764705882,4.6913478822291435,3.091042453358316,1785.0,0,0.0,0.0
5.0,216.0,249.0,7.0,1.0,1.0,0.0,0.0,0.0,0.0,1.0,0.0,0.0,0.0,0.0,0.0,0.0,0.0,0.0,0.0,0.0,0.0,0.0,784084,43.2,0.023148148148148147,5.521460917862246,2.0794415416798357,1512.0,0,0.0,0.0
6.0,267.0,209.0,32.0,1.0,1.0,0.0,0.0,0.0,0.0,0.0,0.0,0.0,1.0,0.0,0.0,0.0,0.0,0.0,0.0,0.0,0.0,0.0,2036681,44.5,0.02247191011235955,5.3471075307174685,3.4965075614664802,8544.0,0,0.0,0.0
6.0,255.0,275.0,18.0,1.0,1.0,1.0,0.0,0.0,0.0,0.0,0.0,0.0,0.0,0.0,0.0,0.0,0.0,1.0,0.0,0.0,0.0,0.0,2600000,42.5,0.023529411764705882,5.62040086571715,2.9444389791664403,4590.0,0,0.0,0.0
4.0,204.0,153.0,2.0,1.0,1.0,1.0,0.0,0.0,0.0,0.0,0.0,0.0,0.0,0.0,0.0,0.0,0.0,0.0,0.0,0.0,1.0,0.0,706249,51.0,0.0196078431372549,5.0369526024136295,1.0986122886681096,408.0,0,0.0,0.0
6.0,169.0,206.0,37.0,1.0,1.0,0.0,0.0,1.0,0.0,0.0,0.0,1.0,0.0,0.0,0.0,0.0,0.0,0.0,0.0,0.0,0.0,0.0,2363592,28.166666666666668,0.03550295857988166,5.332718793265369,3.6375861597263857,6253.0,0,0.0,0.0
1.0,34.0,83.0,12.0,1.0,1.0,1.0,0.0,0.0,0.0,0.0,0.0,0.0,0.0,0.0,0.0,0.0,1.0,0.0,0.0,0.0,0.0,0.0,782756,34.0,0.029411764705882353,4.430816798843313,2.5649493574615367,408.0,0,0.0,0.0
1.0,30.0,24.0,11.0,1.0,0.0,0.0,1.0,0.0,0.0,0.0,0.0,0.0,0.0,0.0,0.0,0.0,0.0,0.0,1.0,0.0,0.0,0.0,620225,30.0,0.03333333333333333,3.2188758248682006,2.4849066497880004,330.0,0,0.0,0.0
4.0,217.0,76.0,9.0,1.0,1.0,0.0,0.0,0.0,1.0,0.0,0.0,0.0,0.0,0.0,0.0,0.0,0.0,0.0,0.0,0.0,0.0,0.0,549844,54.25,0.018433179723502304,4.343805421853684,2.302585092994046,1953.0,0,0.0,0.0
4.0,208.0,50.0,22.0,1.0,0.0,0.0,0.0,1.0,0.0,0.0,0.0,0.0,0.0,0.0,0.0,0.0,0.0,0.0,0.0,0.0,1.0,0.0,1094619,52.0,0.019230769230769232,3.9318256327243257,3.1354942159291497,4576.0,0,0.0,0.0
3.0,174.0,150.0,20.0,1.0,0.0,0.0,0.0,0.0,0.0,0.0,0.0,0.0,0.0,0.0,0.0,0.0,0.0,0.0,0.0,0.0,1.0,0.0,849594,58.0,0.017241379310344827,5.017279836814924,3.044522437723423,3480.0,0,0.0,0.0
5.0,217.0,208.0,8.0,1.0,1.0,1.0,1.0,0.0,0.0,1.0,0.0,0.0,0.0,0.0,0.0,0.0,0.0,0.0,0.0,0.0,0.0,0.0,934177,43.4,0.02304147465437788,5.342334251964811,2.1972245773362196,1736.0,0,0.0,0.0
1.0,81.0,234.0,9.0,1.0,1.0,0.0,1.0,1.0,0.0,0.0,0.0,1.0,0.0,0.0,0.0,0.0,0.0,0.0,0.0,0.0,0.0,0.0,1656710,81.0,0.012345679012345678,5.459585514144159,2.302585092994046,729.0,0,0.0,0.0
1.0,34.0,153.0,22.0,1.0,0.0,1.0,0.0,0.0,0.0,0.0,0.0,1.0,0.0,0.0,0.0,0.0,0.0,0.0,0.0,0.0,0.0,0.0,611730,34.0,0.029411764705882353,5.0369526024136295,3.1354942159291497,748.0,0,0.0,0.0
6.0,251.0,116.0,31.0,1.0,1.0,1.0,1.0,0.0,0.0,0.0,0.0,0.0,1.0,0.0,0.0,0.0,0.0,0.0,0.0,0.0,0.0,0.0,2462288,41.833333333333336,0.02390438247011952,4.762173934797756,3.4657359027997265,7781.0,0,0.0,0.0
1.0,30.0,64.0,13.0,0.0,0.0,0.0,0.0,0.0,0.0,1.0,0.0,0.0,0.0,0.0,0.0,0.0,0.0,0.0,0.0,0.0,0.0,0.0,142096,30.0,0.03333333333333333,4.174387269895637,2.639057329615259,390.0,0,0.0,0.0
6.0,169.0,250.0,34.0,1.0,1.0,0.0,0.0,0.0,0.0,0.0,0.0,0.0,0.0,0.0,0.0,0.0,0.0,0.0,0.0,0.0,1.0,0.0,1320592,28.166666666666668,0.03550295857988166,5.5254529391317835,3.5553480614894135,5746.0,0,0.0,0.0
3.0,164.0,300.0,22.0,1.0,1.0,0.0,0.0,1.0,0.0,0.0,0.0,0.0,0.0,0.0,0.0,0.0,0.0,1.0,0.0,0.0,0.0,0.0,2294975,54.666666666666664,0.018292682926829267,5.707110264748875,3.1354942159291497,3608.0,0,0.0,0.0
1.0,169.0,153.0,0.0,1.0,0.0,1.0,0.0,0.0,0.0,0.0,0.0,0.0,0.0,0.0,0.0,0.0,0.0,0.0,0.0,0.0,1.0,0.0,455996,169.0,0.005917159763313609,5.0369526024136295,0.0,0.0,0,0.0,0.0
1.0,77.0,208.0,24.0,1.0,1.0,1.0,0.0,0.0,0.0,0.0,0.0,0.0,0.0,0.0,0.0,0.0,0.0,0.0,1.0,0.0,0.0,0.0,408430,77.0,0.012987012987012988,5.342334251964811,3.2188758248682006,1848.0,0,0.0,0.0
6.0,309.0,288.0,31.0,1.0,1.0,0.0,0.0,1.0,0.0,1.0,0.0,0.0,0.0,0.0,0.0,0.0,0.0,0.0,0.0,0.0,0.0,0.0,1103996,51.5,0.019417475728155338,5.666426688112432,3.4657359027997265,9579.0,0,0.0,0.0
2.0,114.0,153.0,27.0,1.0,0.0,0.0,0.0,0.0,0.0,1.0,0.0,0.0,0.0,0.0,0.0,0.0,0.0,0.0,0.0,0.0,0.0,0.0,360162,57.0,0.017543859649122806,5.0369526024136295,3.332204510175204,3078.0,0,0.0,0.0
1.0,49.0,205.0,12.0,0.0,0.0,0.0,0.0,0.0,1.0,0.0,0.0,0.0,0.0,0.0,0.0,0.0,0.0,0.0,0.0,0.0,0.0,0.0,136149,49.0,0.02040816326530612,5.327876168789581,2.5649493574615367,588.0,0,0.0,0.0
5.0,217.0,114.0,16.0,1.0,1.0,1.0,0.0,0.0,0.0,1.0,0.0,0.0,0.0,0.0,0.0,0.0,0.0,0.0,0.0,0.0,0.0,0.0,1002192,43.4,0.02304147465437788,4.74493212836325,2.833213344056216,3472.0,0,0.0,0.0
3.0,132.0,48.0,11.0,1.0,1.0,1.0,0.0,0.0,0.0,0.0,0.0,0.0,0.0,0.0,1.0,0.0,0.0,0.0,0.0,0.0,0.0,0.0,742264,44.0,0.022727272727272728,3.8918202981106265,2.4849066497880004,1452.0,0,0.0,0.0
4.0,187.0,298.0,34.0,1.0,1.0,1.0,0.0,0.0,0.0,0.0,0.0,0.0,0.0,0.0,0.0,0.0,1.0,0.0,0.0,0.0,0.0,0.0,1307156,46.75,0.0213903743315508,5.700443573390686,3.5553480614894135,6358.0,0,0.0,0.0
6.0,286.0,243.0,21.0,1.0,1.0,0.0,0.0,1.0,0.0,0.0,0.0,0.0,0.0,1.0,0.0,0.0,0.0,0.0,0.0,0.0,0.0,0.0,1209913,47.666666666666664,0.02097902097902098,5.497168225293202,3.091042453358316,6006.0,0,0.0,0.0
4.0,169.0,209.0,12.0,1.0,1.0,1.0,0.0,0.0,0.0,0.0,0.0,0.0,0.0,0.0,0.0,0.0,0.0,1.0,0.0,0.0,0.0,0.0,2600000,42.25,0.023668639053254437,5.3471075307174685,2.5649493574615367,2028.0,0,0.0,0.0
4.0,73.0,80.0,32.0,0.0,0.0,1.0,0.0,0.0,0.0,0.0,0.0,0.0,0.0,0.0,0.0,0.0,0.0,0.0,0.0,0.0,1.0,0.0,317276,18.25,0.0547945205479452,4.394449154672439,3.4965075614664802,2336.0,0,0.0,0.0
5.0,253.0,281.0,13.0,1.0,1.0,0.0,0.0,0.0,0.0,0.0,0.0,0.0,0.0,0.0,0.0,0.0,0.0,0.0,0.0,1.0,0.0,0.0,1460564,50.6,0.019762845849802372,5.641907070938114,2.639057329615259,3289.0,0,0.0,0.0
6.0,260.0,271.0,2.0,1.0,1.0,1.0,0.0,1.0,0.0,0.0,0.0,0.0,0.0,0.0,0.0,0.0,0.0,0.0,0.0,0.0,1.0,0.0,1782047,43.333333333333336,0.023076923076923078,5.605802066295998,1.0986122886681096,520.0,0,0.0,0.0
3.0,168.0,43.0,30.0,0.0,1.0,0.0,1.0,1.0,0.0,0.0,0.0,0.0,0.0,0.0,1.0,0.0,0.0,0.0,0.0,0.0,0.0,0.0,945838,56.0,0.017857142857142856,3.784189633918261,3.4339872044851463,5040.0,0,0.0,0.0
4.0,205.0,280.0,5.0,1.0,0.0,1.0,1.0,0.0,0.0,0.0,0.0,0.0,0.0,0.0,1.0,0.0,0.0,0.0,0.0,0.0,0.0,0.0,1046949,51.25,0.01951219512195122,5.638354669333745,1.791759469228055,1025.0,0,0.0,0.0
4.0,190.0,260.0,7.0,1.0,1.0,1.0,0.0,1.0,0.0,0.0,0.0,0.0,0.0,0.0,0.0,0.0,0.0,0.0,0.0,0.0,1.0,0.0,1377223,47.5,0.021052631578947368,5.564520407322694,2.0794415416798357,1330.0,0,0.0,0.0
6.0,303.0,79.0,31.0,1.0,1.0,1.0,0.0,0.0,0.0,0.0,0.0,0.0,0.0,0.0,0.0,0.0,0.0,0.0,1.0,0.0,0.0,0.0,1354551,50.5,0.019801980198019802,4.382026634673881,3.4657359027997265,9393.0,0,0.0,0.0
6.0,284.0,179.0,15.0,1.0,1.0,1.0,0.0,0.0,0.0,0.0,0.0,0.0,0.0,0.0,0.0,0.0,0.0,0.0,0.0,0.0,1.0,0.0,1028999,47.333333333333336,0.02112676056338028,5.19295685089021,2.772588722239781,4260.0,0,0.0,0.0
5.0,257.0,122.0,22.0,1.0,1.0,1.0,0.0,1.0,0.0,0.0,0.0,1.0,0.0,0.0,0.0,0.0,0.0,0.0,0.0,0.0,0.0,0.0,2451878,51.4,0.019455252918287938,4.812184355372417,3.1354942159291497,5654.0,0,0.0,0.0
1.0,33.0,66.0,28.0,1.0,1.0,0.0,0.0,0.0,0.0,0.0,0.0,0.0,0.0,0.0,1.0,0.0,0.0,0.0,0.0,0.0,0.0,0.0,250370,33.0,0.030303030303030304,4.204692619390966,3.367295829986474,924.0,0,0.0,0.0
2.0,120.0,153.0,15.0,1.0,1.0,1.0,0.0,1.0,0.0,0.0,0.0,0.0,0.0,0.0,0.0,0.0,0.0,1.0,0.0,0.0,0.0,0.0,2291921,60.0,0.016666666666666666,5.0369526024136295,2.772588722239781,1800.0,0,0.0,0.0
1.0,61.0,33.0,37.0,1.0,1.0,0.0,0.0,1.0,0.0,0.0,0.0,0.0,1.0,0.0,0.0,0.0,0.0,0.0,0.0,0.0,0.0,0.0,703178,61.0,0.01639344262295082,3.5263605246161616,3.6375861597263857,2257.0,0,0.0,0.0
4.0,164.0,228.0,20.0,1.0,1.0,0.0,1.0,0.0,0.0,0.0,0.0,1.0,0.0,0.0,0.0,0.0,0.0,0.0,0.0,0.0,0.0,0.0,2046104,41.0,0.024390243902439025,5.43372200355424,3.044522437723423,3280.0,0,0.0,0.0
1.0,35.0,51.0,4.0,1.0,1.0,0.0,0.0,1.0,0.0,0.0,0.0,0.0,0.0,0.0,0.0,0.0,0.0,0.0,0.0,1.0,0.0,0.0,2500000,35.0,0.02857142857142857,3.9512437185814275,1.6094379124341003,140.0,0,0.0,0.0
1.0,83.0,159.0,16.0,1.0,1.0,1.0,0.0,1.0,0.0,0.0,0.0,0.0,0.0,0.0,0.0,1.0,0.0,0.0,0.0,0.0,0.0,0.0,400447,83.0,0.012048192771084338,5.075173815233827,2.833213344056216,1328.0,0,0.0,0.0
4.0,79.0,10.0,20.0,1.0,1.0,0.0,1.0,1.0,0.0,0.0,0.0,1.0,0.0,0.0,0.0,0.0,0.0,0.0,0.0,0.0,0.0,0.0,1651976,19.75,0.05063291139240506,2.3978952727983707,3.044522437723423,1580.0,0,0.0,0.0
6.0,270.0,73.0,33.0,1.0,1.0,1.0,0.0,0.0,1.0,0.0,0.0,0.0,0.0,0.0,0.0,0.0,0.0,0.0,0.0,0.0,0.0,0.0,716607,45.0,0.022222222222222223,4.304065093204169,3.5263605246161616,8910.0,0,0.0,0.0
4.0,192.0,41.0,39.0,1.0,1.0,0.0,0.0,0.0,0.0,1.0,0.0,0.0,0.0,0.0,0.0,0.0,0.0,0.0,0.0,0.0,0.0,0.0,534589,48.0,0.020833333333333332,3.7376696182833684,3.6888794541139363,7488.0,0,0.0,0.0
3.0,119.0,60.0,30.0,1.0,0.0,1.0,0.0,1.0,0.0,0.0,0.0,1.0,0.0,0.0,0.0,0.0,0.0,0.0,0.0,0.0,0.0,0.0,1738158,39.666666666666664,0.025210084033613446,4.110873864173311,3.4339872044851463,3570.0,0,0.0,0.0
3.0,150.0,151.0,5.0,0.0,0.0,1.0,0.0,1.0,0.0,0.0,1.0,0.0,0.0,0.0,0.0,0.0,0.0,0.0,0.0,0.0,0.0,0.0,885755,50.0,0.02,5.0238805208462765,1.791759469228055,750.0,0,0.0,0.0
1.0,78.0,68.0,20.0,1.0,1.0,1.0,0.0,0.0,0.0,0.0,0.0,0.0,0.0,1.0,0.0,0.0,0.0,0.0,0.0,0.0,0.0,0.0,559685,78.0,0.01282051282051282,4.23410650459726,3.044522437723423,1560.0,0,0.0,0.0
4.0,175.0,51.0,20.0,1.0,1.0,0.0,0.0,1.0,0.0,0.0,0.0,0.0,0.0,0.0,0.0,0.0,0.0,0.0,0.0,0.0,1.0,0.0,1152457,43.75,0.022857142857142857,3.9512437185814275,3.044522437723423,3500.0,0,0.0,0.0
4.0,207.0,147.0,20.0,1.0,0.0,1.0,0.0,1.0,0.0,1.0,0.0,0.0,0.0,0.0,0.0,0.0,0.0,0.0,0.0,0.0,0.0,0.0,867405,51.75,0.01932367149758454,4.997212273764115,3.044522437723423,4140.0,0,0.0,0.0
5.0,261.0,250.0,8.0,1.0,1.0,0.0,0.0,0.0,0.0,0.0,1.0,0.0,0.0,0.0,0.0,0.0,0.0,0.0,0.0,0.0,0.0,0.0,1323166,52.2,0.019157088122605363,5.5254529391317835,2.1972245773362196,2088.0,0,0.0,0.0
1.0,49.0,153.0,38.0,1.0,1.0,1.0,1.0,0.0,0.0,0.0,0.0,0.0,1.0,0.0,0.0,0.0,0.0,0.0,0.0,0.0,0.0,0.0,1134781,49.0,0.02040816326530612,5.0369526024136295,3.6635616461296463,1862.0,0,0.0,0.0
1.0,65.0,199.0,39.0,1.0,1.0,1.0,0.0,1.0,0.0,0.0,0.0,1.0,0.0,0.0,0.0,0.0,0.0,0.0,0.0,0.0,0.0,0.0,900405,65.0,0.015384615384615385,5.298317366548036,3.6888794541139363,2535.0,0,0.0,0.0
5.0,223.0,108.0,20.0,1.0,1.0,1.0,0.0,1.0,0.0,0.0,0.0,0.0,0.0,0.0,0.0,0.0,0.0,0.0,0.0,0.0,1.0,0.0,1515492,44.6,0.02242152466367713,4.6913478822291435,3.044522437723423,4460.0,0,0.0,0.0
1.0,64.0,195.0,6.0,1.0,1.0,1.0,0.0,0.0,0.0,1.0,0.0,0.0,0.0,0.0,0.0,0.0,0.0,0.0,0.0,0.0,0.0,0.0,342357,64.0,0.015625,5.278114659230518,1.9459101490553132,384.0,0,0.0,0.0
4.0,191.0,40.0,28.0,1.0,0.0,1.0,0.0,0.0,0.0,0.0,0.0,0.0,0.0,0.0,0.0,0.0,1.0,0.0,0.0,0.0,0.0,0.0,1661275,47.75,0.020942408376963352,3.713572066704308,3.367295829986474,5348.0,0,0.0,0.0
4.0,240.0,210.0,16.0,1.0,1.0,1.0,0.0,1.0,0.0,0.0,0.0,0.0,0.0,0.0,0.0,0.0,0.0,0.0,0.0,0.0,1.0,0.0,1663240,60.0,0.016666666666666666,5.351858133476067,2.833213344056216,3840.0,0,0.0,0.0
4.0,294.0,66.0,8.0,1.0,1.0,0.0,0.0,0.0,0.0,0.0,0.0,0.0,0.0,0.0,0.0,1.0,0.0,0.0,0.0,0.0,0.0,0.0,1013672,73.5,0.013605442176870748,4.204692619390966,2.1972245773362196,2352.0,0,0.0,0.0
2.0,97.0,153.0,14.0,1.0,0.0,1.0,0.0,0.0,0.0,0.0,0.0,0.0,0.0,0.0,0.0,1.0,0.0,0.0,0.0,0.0,0.0,0.0,340768,48.5,0.020618556701030927,5.0369526024136295,2.70805020110221,1358.0,0,0.0,0.0
5.0,228.0,153.0,4.0,1.0,1.0,0.0,0.0,1.0,0.0,0.0,0.0,0.0,0.0,0.0,0.0,0.0,0.0,0.0,0.0,0.0,1.0,0.0,1709901,45.6,0.021929824561403508,5.0369526024136295,1.6094379124341003,912.0,0,0.0,0.0
5.0,227.0,129.0,34.0,1.0,1.0,1.0,0.0,0.0,0.0,0.0,0.0,0.0,0.0,0.0,0.0,0.0,1.0,0.0,0.0,0.0,0.0,0.0,1780093,45.4,0.022026431718061675,4.867534450455582,3.5553480614894135,7718.0,0,0.0,0.0
6.0,290.0,251.0,25.0,1.0,1.0,0.0,1.0,0.0,0.0,0.0,0.0,0.0,0.0,0.0,0.0,0.0,0.0,0.0,0.0,1.0,0.0,0.0,2024510,48.333333333333336,0.020689655172413793,5.529429087511423,3.258096538021482,7250.0,0,0.0,0.0
6.0,278.0,211.0,21.0,1.0,1.0,1.0,0.0,0.0,1.0,0.0,0.0,0.0,0.0,0.0,0.0,0.0,0.0,0.0,0.0,0.0,0.0,0.0,693275,46.333333333333336,0.02158273381294964,5.356586274672012,3.091042453358316,5838.0,0,0.0,0.0
1.0,43.0,34.0,1.0,1.0,0.0,0.0,0.0,0.0,0.0,1.0,0.0,0.0,0.0,0.0,0.0,0.0,0.0,0.0,0.0,0.0,0.0,0.0,306610,43.0,0.023255813953488372,3.5553480614894135,0.6931471805599453,43.0,0,0.0,0.0
6.0,309.0,140.0,23.0,1.0,1.0,1.0,1.0,0.0,1.0,0.0,0.0,0.0,0.0,0.0,0.0,0.0,0.0,0.0,0.0,0.0,0.0,0.0,1283770,51.5,0.019417475728155338,4.948759890378168,3.1780538303479458,7107.0,0,0.0,0.0
5.0,251.0,74.0,11.0,1.0,1.0,0.0,0.0,1.0,0.0,0.0,0.0,0.0,0.0,1.0,0.0,0.0,0.0,0.0,0.0,0.0,0.0,0.0,1553092,50.2,0.0199203187250996,4.31748811353631,2.4849066497880004,2761.0,0,0.0,0.0
6.0,287.0,24.0,30.0,1.0,1.0,1.0,0.0,1.0,0.0,0.0,0.0,0.0,0.0,0.0,0.0,0.0,0.0,0.0,0.0,0.0,1.0,0.0,2600000,47.833333333333336,0.020905923344947737,3.2188758248682006,3.4339872044851463,8610.0,0,0.0,0.0
6.0,286.0,153.0,5.0,1.0,1.0,1.0,0.0,0.0,0.0,0.0,0.0,0.0,0.0,0.0,0.0,0.0,0.0,0.0,0.0,1.0,0.0,0.0,1744504,47.666666666666664,0.02097902097902098,5.0369526024136295,1.791759469228055,1430.0,0,0.0,0.0
2.0,115.0,165.0,20.0,1.0,1.0,1.0,0.0,1.0,0.0,1.0,0.0,0.0,0.0,0.0,0.0,0.0,0.0,0.0,0.0,0.0,0.0,0.0,682714,57.5,0.017391304347826087,5.111987788356544,3.044522437723423,2300.0,0,0.0,0.0
4.0,174.0,246.0,20.0,1.0,0.0,0.0,0.0,0.0,0.0,0.0,0.0,0.0,0.0,0.0,0.0,0.0,0.0,0.0,0.0,0.0,1.0,0.0,978257,43.5,0.022988505747126436,5.5093883366279774,3.044522437723423,3480.0,0,0.0,0.0
6.0,275.0,174.0,19.0,1.0,1.0,1.0,0.0,0.0,0.0,0.0,1.0,0.0,0.0,0.0,0.0,0.0,0.0,0.0,0.0,0.0,0.0,0.0,1537399,45.833333333333336,0.02181818181818182,5.1647859739235145,2.995732273553991,5225.0,0,0.0,0.0
4.0,168.0,138.0,36.0,1.0,1.0,1.0,0.0,0.0,0.0,0.0,0.0,0.0,0.0,0.0,0.0,1.0,0.0,0.0,0.0,0.0,0.0,0.0,702286,42.0,0.023809523809523808,4.9344739331306915,3.6109179126442243,6048.0,0,0.0,0.0
5.0,225.0,142.0,9.0,1.0,1.0,1.0,0.0,1.0,0.0,0.0,0.0,0.0,0.0,0.0,0.0,0.0,0.0,0.0,0.0,0.0,0.0,1.0,2600000,45.0,0.022222222222222223,4.962844630259907,2.302585092994046,2025.0,0,0.0,0.0
1.0,30.0,153.0,7.0,1.0,1.0,1.0,0.0,0.0,0.0,0.0,0.0,0.0,0.0,0.0,0.0,0.0,0.0,0.0,0.0,1.0,0.0,0.0,516258,30.0,0.03333333333333333,5.0369526024136295,2.0794415416798357,210.0,0,0.0,0.0
2.0,102.0,30.0,17.0,1.0,1.0,1.0,0.0,1.0,0.0,1.0,0.0,0.0,0.0,0.0,0.0,0.0,0.0,0.0,0.0,0.0,0.0,0.0,550558,51.0,0.0196078431372549,3.4339872044851463,2.8903717578961645,1734.0,0,0.0,0.0
4.0,167.0,177.0,17.0,1.0,1.0,0.0,0.0,0.0,0.0,0.0,0.0,0.0,0.0,0.0,0.0,0.0,0.0,0.0,1.0,0.0,0.0,0.0,801099,41.75,0.023952095808383235,5.181783550292085,2.8903717578961645,2839.0,0,0.0,0.0
4.0,55.0,154.0,1.0,1.0,0.0,1.0,1.0,0.0,0.0,0.0,0.0,0.0,0.0,1.0,0.0,0.0,0.0,0.0,0.0,0.0,0.0,0.0,761904,13.75,0.07272727272727272,5.043425116919247,0.6931471805599453,55.0,0,0.0,0.0
6.0,264.0,154.0,28.0,1.0,1.0,1.0,1.0,0.0,0.0,0.0,0.0,0.0,0.0,0.0,0.0,0.0,0.0,0.0,1.0,0.0,0.0,0.0,1635774,44.0,0.022727272727272728,5.043425116919247,3.367295829986474,7392.0,0,0.0,0.0
1.0,42.0,196.0,24.0,1.0,1.0,1.0,0.0,0.0,0.0,0.0,1.0,0.0,0.0,0.0,0.0,0.0,0.0,0.0,0.0,0.0,0.0,0.0,354049,42.0,0.023809523809523808,5.2832037287379885,3.2188758248682006,1008.0,0,0.0,0.0
6.0,271.0,280.0,16.0,1.0,1.0,0.0,0.0,0.0,0.0,0.0,0.0,0.0,0.0,0.0,0.0,0.0,0.0,0.0,1.0,0.0,0.0,0.0,1042623,45.166666666666664,0.02214022140221402,5.638354669333745,2.833213344056216,4336.0,0,0.0,0.0
3.0,148.0,18.0,34.0,1.0,1.0,1.0,0.0,1.0,1.0,0.0,0.0,0.0,0.0,0.0,0.0,0.0,0.0,0.0,0.0,0.0,0.0,0.0,594316,49.333333333333336,0.02027027027027027,2.9444389791664403,3.5553480614894135,5032.0,0,0.0,0.0
4.0,210.0,47.0,30.0,1.0,1.0,1.0,0.0,1.0,0.0,0.0,1.0,0.0,0.0,0.0,0.0,0.0,0.0,0.0,0.0,0.0,0.0,0.0,1229634,52.5,0.01904761904761905,3.8712010109078907,3.4339872044851463,6300.0,0,0.0,0.0
5.0,169.0,33.0,24.0,1.0,1.0,1.0,0.0,1.0,0.0,0.0,0.0,0.0,0.0,0.0,0.0,0.0,0.0,0.0,0.0,0.0,0.0,1.0,2578143,33.8,0.029585798816568046,3.5263605246161616,3.2188758248682006,4056.0,0,0.0,0.0
3.0,134.0,273.0,4.0,1.0,1.0,1.0,0.0,1.0,0.0,0.0,0.0,0.0,0.0,0.0,0.0,1.0,0.0,0.0,0.0,0.0,0.0,0.0,708048,44.666666666666664,0.022388059701492536,5.6131281063880705,1.6094379124341003,536.0,0,0.0,0.0
1.0,78.0,65.0,39.0,1.0,0.0,1.0,0.0,0.0,0.0,0.0,0.0,0.0,0.0,0.0,0.0,0.0,0.0,0.0,0.0,1.0,0.0,0.0,503262,78.0,0.01282051282051282,4.189654742026425,3.6888794541139363,3042.0,0,0.0,0.0
3.0,115.0,32.0,13.0,1.0,1.0,1.0,0.0,0.0,0.0,0.0,0.0,0.0,0.0,0.0,0.0,0.0,1.0,0.0,0.0,0.0,0.0,0.0,1220099,38.333333333333336,0.02608695652173913,3.4965075614664802,2.639057329615259,1495.0,0,0.0,0.0
3.0,169.0,90.0,20.0,1.0,0.0,0.0,1.0,0.0,0.0,0.0,0.0,0.0,0.0,1.0,0.0,0.0,0.0,0.0,0.0,0.0,0.0,0.0,1054671,56.333333333333336,0.01775147928994083,4.51085950651685,3.044522437723423,3380.0,0,0.0,0.0
3.0,134.0,218.0,0.0,1.0,1.0,1.0,0.0,0.0,0.0,0.0,0.0,0.0,0.0,0.0,0.0,0.0,0.0,0.0,0.0,0.0,1.0,0.0,719344,44.666666666666664,0.022388059701492536,5.389071729816501,0.0,0.0,0,0.0,0.0
1.0,51.0,175.0,20.0,1.0,1.0,1.0,0.0,0.0,0.0,0.0,0.0,0.0,0.0,0.0,0.0,0.0,0.0,1.0,0.0,0.0,0.0,0.0,948477,51.0,0.0196078431372549,5.170483995038151,3.044522437723423,1020.0,0,0.0,0.0
4.0,236.0,130.0,8.0,1.0,1.0,1.0,1.0,0.0,0.0,0.0,0.0,0.0,0.0,0.0,0.0,0.0,0.0,0.0,0.0,1.0,0.0,0.0,1793307,59.0,0.01694915254237288,4.875197323201151,2.1972245773362196,1888.0,0,0.0,0.0
4.0,164.0,239.0,14.0,1.0,1.0,1.0,0.0,1.0,0.0,0.0,1.0,0.0,0.0,0.0,0.0,0.0,0.0,0.0,0.0,0.0,0.0,0.0,1190263,41.0,0.024390243902439025,5.480638923341991,2.70805020110221,2296.0,0,0.0,0.0
3.0,141.0,291.0,37.0,1.0,1.0,1.0,0.0,1.0,0.0,0.0,0.0,0.0,0.0,1.0,0.0,0.0,0.0,0.0,0.0,0.0,0.0,0.0,887492,47.0,0.02127659574468085,5.676753802268282,3.6375861597263857,5217.0,0,0.0,0.0
6.0,254.0,53.0,40.0,1.0,1.0,0.0,0.0,1.0,0.0,0.0,0.0,1.0,0.0,0.0,0.0,0.0,0.0,0.0,0.0,0.0,0.0,0.0,2600000,42.333333333333336,0.023622047244094488,3.9889840465642745,3.713572066704308,10160.0,0,0.0,0.0
5.0,241.0,213.0,3.0,1.0,1.0,1.0,0.0,1.0,0.0,0.0,0.0,1.0,0.0,0.0,0.0,0.0,0.0,0.0,0.0,0.0,0.0,0.0,2504289,48.2,0.02074688796680498,5.365976015021851,1.3862943611198906,723.0,0,0.0,0.0
3.0,167.0,136.0,23.0,1.0,0.0,1.0,1.0,0.0,0.0,1.0,0.0,0.0,0.0,0.0,0.0,0.0,0.0,0.0,0.0,0.0,0.0,0.0,648210,55.666666666666664,0.017964071856287425,4.919980925828125,3.1780538303479458,3841.0,0,0.0,0.0
5.0,255.0,99.0,40.0,1.0,1.0,0.0,0.0,1.0,0.0,0.0,1.0,0.0,0.0,0.0,0.0,0.0,0.0,0.0,0.0,0.0,0.0,0.0,1329786,51.0,0.0196078431372549,4.605170185988092,3.713572066704308,10200.0,0,0.0,0.0
6.0,299.0,182.0,29.0,1.0,1.0,1.0,1.0,0.0,0.0,0.0,0.0,1.0,0.0,0.0,0.0,0.0,0.0,0.0,0.0,0.0,0.0,0.0,2600000,49.833333333333336,0.020066889632107024,5.209486152841421,3.4011973816621555,8671.0,0,0.0,0.0
1.0,71.0,52.0,13.0,1.0,1.0,0.0,0.0,0.0,0.0,0.0,0.0,0.0,0.0,0.0,0.0,0.0,0.0,0.0,0.0,0.0,0.0,1.0,1063895,71.0,0.014084507042253521,3.970291913552122,2.639057329615259,923.0,0,0.0,0.0
2.0,74.0,142.0,28.0,0.0,1.0,1.0,0.0,0.0,0.0,0.0,0.0,0.0,0.0,0.0,0.0,0.0,0.0,1.0,0.0,0.0,0.0,0.0,1117990,37.0,0.02702702702702703,4.962844630259907,3.367295829986474,2072.0,0,0.0,0.0
4.0,163.0,210.0,16.0,1.0,0.0,0.0,1.0,0.0,0.0,0.0,0.0,1.0,0.0,0.0,0.0,0.0,0.0,0.0,0.0,0.0,0.0,0.0,2253807,40.75,0.024539877300613498,5.351858133476067,2.833213344056216,2608.0,0,0.0,0.0
4.0,174.0,269.0,30.0,1.0,0.0,1.0,0.0,0.0,0.0,0.0,0.0,0.0,0.0,0.0,0.0,0.0,1.0,0.0,0.0,0.0,0.0,0.0,1140428,43.5,0.022988505747126436,5.598421958998375,3.4339872044851463,5220.0,0,0.0,0.0
3.0,152.0,66.0,30.0,1.0,1.0,1.0,1.0,0.0,0.0,0.0,0.0,0.0,0.0,0.0,0.0,1.0,0.0,0.0,0.0,0.0,0.0,0.0,864449,50.666666666666664,0.019736842105263157,4.204692619390966,3.4339872044851463,4560.0,0,0.0,0.0
2.0,91.0,169.0,16.0,1.0,1.0,0.0,1.0,1.0,0.0,0.0,1.0,0.0,0.0,0.0,0.0,0.0,0.0,0.0,0.0,0.0,0.0,0.0,980090,45.5,0.02197802197802198,5.135798437050262,2.833213344056216,1456.0,0,0.0,0.0
2.0,105.0,116.0,7.0,1.0,1.0,0.0,0.0,0.0,0.0,0.0,0.0,0.0,0.0,0.0,0.0,0.0,0.0,0.0,0.0,1.0,0.0,0.0,826141,52.5,0.01904761904761905,4.762173934797756,2.0794415416798357,735.0,0,0.0,0.0
6.0,302.0,201.0,30.0,1.0,1.0,1.0,0.0,0.0,0.0,0.0,0.0,1.0,0.0,0.0,0.0,0.0,0.0,0.0,0.0,0.0,0.0,0.0,2600000,50.333333333333336,0.019867549668874173,5.308267697401205,3.4339872044851463,9060.0,0,0.0,0.0
3.0,127.0,127.0,23.0,1.0,0.0,0.0,0.0,1.0,0.0,0.0,0.0,0.0,0.0,0.0,0.0,0.0,0.0,0.0,0.0,0.0,1.0,0.0,1313715,42.333333333333336,0.023622047244094488,4.852030263919617,3.1780538303479458,2921.0,0,0.0,0.0
3.0,153.0,211.0,2.0,1.0,0.0,0.0,0.0,0.0,0.0,0.0,0.0,0.0,0.0,0.0,0.0,0.0,1.0,0.0,0.0,0.0,0.0,0.0,1074822,51.0,0.0196078431372549,5.356586274672012,1.0986122886681096,306.0,0,0.0,0.0
4.0,169.0,11.0,5.0,1.0,1.0,0.0,0.0,1.0,0.0,0.0,0.0,0.0,0.0,0.0,0.0,0.0,0.0,1.0,0.0,0.0,0.0,0.0,2568644,42.25,0.023668639053254437,2.4849066497880004,1.791759469228055,845.0,0,0.0,0.0
3.0,142.0,22.0,24.0,1.0,0.0,1.0,0.0,0.0,0.0,0.0,0.0,0.0,0.0,0.0,0.0,0.0,0.0,0.0,0.0,0.0,1.0,0.0,969147,47.333333333333336,0.02112676056338028,3.1354942159291497,3.2188758248682006,3408.0,0,0.0,0.0
1.0,82.0,283.0,26.0,1.0,1.0,1.0,0.0,0.0,0.0,0.0,0.0,0.0,0.0,0.0,0.0,0.0,1.0,0.0,0.0,0.0,0.0,0.0,819806,82.0,0.012195121951219513,5.648974238161206,3.295836866004329,2132.0,0,0.0,0.0
1.0,66.0,300.0,4.0,1.0,1.0,1.0,0.0,0.0,1.0,0.0,0.0,0.0,0.0,0.0,0.0,0.0,0.0,0.0,0.0,0.0,0.0,0.0,268868,66.0,0.015151515151515152,5.707110264748875,1.6094379124341003,264.0,0,0.0,0.0
3.0,149.0,154.0,19.0,1.0,1.0,1.0,0.0,0.0,0.0,0.0,0.0,1.0,0.0,0.0,0.0,0.0,0.0,0.0,0.0,0.0,0.0,0.0,1551433,49.666666666666664,0.020134228187919462,5.043425116919247,2.995732273553991,2831.0,0,0.0,0.0
6.0,283.0,153.0,18.0,1.0,1.0,0.0,0.0,1.0,0.0,0.0,0.0,0.0,0.0,0.0,0.0,0.0,1.0,0.0,0.0,0.0,0.0,0.0,2594250,47.166666666666664,0.02120141342756184,5.0369526024136295,2.9444389791664403,5094.0,0,0.0,0.0
6.0,169.0,42.0,0.0,1.0,1.0,1.0,0.0,1.0,0.0,1.0,0.0,0.0,0.0,0.0,0.0,0.0,0.0,0.0,0.0,0.0,0.0,0.0,1163856,28.166666666666668,0.03550295857988166,3.7612001156935624,0.0,0.0,0,0.0,0.0
3.0,161.0,130.0,38.0,1.0,0.0,0.0,0.0,1.0,1.0,0.0,0.0,0.0,0.0,0.0,0.0,0.0,0.0,0.0,0.0,0.0,0.0,0.0,429523,53.666666666666664,0.018633540372670808,4.875197323201151,3.6635616461296463,6118.0,0,0.0,0.0
4.0,249.0,143.0,3.0,1.0,1.0,0.0,0.0,0.0,0.0,0.0,0.0,0.0,1.0,0.0,0.0,0.0,0.0,0.0,0.0,0.0,0.0,0.0,1657285,62.25,0.01606425702811245,4.969813299576001,1.3862943611198906,747.0,0,0.0,0.0
5.0,205.0,127.0,12.0,1.0,1.0,1.0,0.0,1.0,0.0,0.0,0.0,0.0,0.0,0.0,0.0,0.0,0.0,1.0,0.0,0.0,0.0,0.0,2600000,41.0,0.024390243902439025,4.852030263919617,2.5649493574615367,2460.0,0,0.0,0.0
1.0,80.0,280.0,8.0,0.0,1.0,0.0,0.0,0.0,0.0,0.0,0.0,0.0,0.0,0.0,0.0,0.0,1.0,0.0,0.0,0.0,0.0,0.0,538675,80.0,0.0125,5.638354669333745,2.1972245773362196,640.0,0,0.0,0.0
4.0,169.0,92.0,25.0,1.0,1.0,0.0,0.0,0.0,0.0,0.0,0.0,0.0,1.0,0.0,0.0,0.0,0.0,0.0,0.0,0.0,0.0,0.0,1517750,42.25,0.023668639053254437,4.532599493153256,3.258096538021482,4225.0,0,0.0,0.0
3.0,140.0,6.0,22.0,1.0,1.0,0.0,0.0,0.0,0.0,0.0,0.0,0.0,0.0,0.0,0.0,0.0,1.0,0.0,0.0,0.0,0.0,0.0,1019019,46.666666666666664,0.02142857142857143,1.9459101490553132,3.1354942159291497,3080.0,0,0.0,0.0
4.0,196.0,287.0,20.0,1.0,1.0,1.0,1.0,0.0,0.0,0.0,0.0,0.0,1.0,0.0,0.0,0.0,0.0,0.0,0.0,0.0,0.0,0.0,1894478,49.0,0.02040816326530612,5.662960480135946,3.044522437723423,3920.0,0,0.0,0.0
1.0,40.0,163.0,39.0,1.0,1.0,1.0,0.0,0.0,0.0,0.0,0.0,0.0,0.0,0.0,0.0,0.0,0.0,0.0,0.0,1.0,0.0,0.0,364323,40.0,0.025,5.099866427824199,3.6888794541139363,1560.0,0,0.0,0.0
5.0,223.0,286.0,7.0,1.0,1.0,1.0,1.0,0.0,1.0,0.0,0.0,0.0,0.0,0.0,0.0,0.0,0.0,0.0,0.0,0.0,0.0,0.0,1125333,44.6,0.02242152466367713,5.659482215759621,2.0794415416798357,1561.0,0,0.0,0.0
3.0,115.0,214.0,34.0,1.0,1.0,1.0,0.0,0.0,0.0,0.0,0.0,0.0,0.0,0.0,0.0,0.0,1.0,0.0,0.0,0.0,0.0,0.0,1137214,38.333333333333336,0.02608695652173913,5.3706380281276624,3.5553480614894135,3910.0,0,0.0,0.0
4.0,182.0,145.0,8.0,1.0,1.0,1.0,0.0,0.0,0.0,0.0,0.0,0.0,0.0,0.0,0.0,0.0,0.0,1.0,0.0,0.0,0.0,0.0,2600000,45.5,0.02197802197802198,4.983606621708336,2.1972245773362196,1456.0,0,0.0,0.0
6.0,259.0,229.0,9.0,1.0,1.0,1.0,0.0,0.0,0.0,0.0,0.0,0.0,0.0,0.0,0.0,1.0,0.0,0.0,0.0,0.0,0.0,0.0,765914,43.166666666666664,0.023166023166023165,5.438079308923196,2.302585092994046,2331.0,0,0.0,0.0
6.0,284.0,299.0,16.0,1.0,1.0,1.0,0.0,1.0,1.0,0.0,0.0,0.0,0.0,0.0,0.0,0.0,0.0,0.0,0.0,0.0,0.0,0.0,845638,47.333333333333336,0.02112676056338028,5.703782474656201,2.833213344056216,4544.0,0,0.0,0.0
4.0,52.0,95.0,39.0,1.0,1.0,1.0,0.0,0.0,0.0,0.0,0.0,0.0,0.0,0.0,0.0,0.0,0.0,1.0,0.0,0.0,0.0,0.0,934995,13.0,0.07692307692307693,4.564348191467836,3.6888794541139363,2028.0,0,0.0,0.0
4.0,176.0,75.0,20.0,1.0,1.0,0.0,1.0,1.0,0.0,0.0,0.0,0.0,0.0,0.0,0.0,0.0,0.0,0.0,0.0,0.0,0.0,1.0,2233069,44.0,0.022727272727272728,4.330733340286331,3.044522437723423,3520.0,0,0.0,0.0
4.0,180.0,15.0,20.0,1.0,1.0,1.0,0.0,0.0,0.0,0.0,0.0,0.0,1.0,0.0,0.0,0.0,0.0,0.0,0.0,0.0,0.0,0.0,1561007,45.0,0.022222222222222223,2.772588722239781,3.044522437723423,3600.0,0,0.0,0.0
1.0,38.0,146.0,27.0,0.0,1.0,1.0,0.0,0.0,0.0,0.0,0.0,0.0,0.0,0.0,0.0,0.0,0.0,0.0,0.0,1.0,0.0,0.0,507985,38.0,0.02631578947368421,4.990432586778736,3.332204510175204,1026.0,0,0.0,0.0
4.0,192.0,277.0,17.0,1.0,1.0,1.0,0.0,1.0,0.0,0.0,0.0,0.0,0.0,0.0,0.0,0.0,0.0,0.0,0.0,0.0,0.0,1.0,2600000,48.0,0.020833333333333332,5.627621113690637,2.8903717578961645,3264.0,0,0.0,0.0
5.0,243.0,49.0,32.0,1.0,1.0,0.0,0.0,0.0,0.0,0.0,0.0,1.0,0.0,0.0,0.0,0.0,0.0,0.0,0.0,0.0,0.0,0.0,2248408,48.6,0.0205761316872428,3.912023005428146,3.4965075614664802,7776.0,0,0.0,0.0
4.0,198.0,59.0,30.0,1.0,1.0,1.0,0.0,0.0,0.0,0.0,0.0,0.0,0.0,0.0,0.0,0.0,0.0,0.0,0.0,0.0,0.0,1.0,2476189,49.5,0.020202020202020204,4.0943445622221,3.4339872044851463,5940.0,0,0.0,0.0
2.0,82.0,41.0,34.0,1.0,0.0,0.0,0.0,0.0,0.0,0.0,0.0,0.0,0.0,0.0,1.0,0.0,0.0,0.0,0.0,0.0,0.0,0.0,363444,41.0,0.024390243902439025,3.7376696182833684,3.5553480614894135,2788.0,0,0.0,0.0
6.0,296.0,260.0,25.0,1.0,1.0,0.0,1.0,1.0,0.0,0.0,0.0,0.0,0.0,0.0,0.0,0.0,0.0,1.0,0.0,0.0,0.0,0.0,2600000,49.333333333333336,0.02027027027027027,5.564520407322694,3.258096538021482,7400.0,0,0.0,0.0
1.0,81.0,264.0,14.0,1.0,1.0,0.0,0.0,1.0,0.0,0.0,1.0,0.0,0.0,0.0,0.0,0.0,0.0,0.0,0.0,0.0,0.0,0.0,460153,81.0,0.012345679012345678,5.579729825986222,2.70805020110221,1134.0,0,0.0,0.0
2.0,123.0,292.0,39.0,1.0,1.0,0.0,0.0,0.0,0.0,0.0,0.0,0.0,0.0,0.0,1.0,0.0,0.0,0.0,0.0,0.0,0.0,0.0,393758,61.5,0.016260162601626018,5.680172609017068,3.6888794541139363,4797.0,0,0.0,0.0
6.0,299.0,21.0,20.0,1.0,1.0,0.0,0.0,1.0,0.0,1.0,0.0,0.0,0.0,0.0,0.0,0.0,0.0,0.0,0.0,0.0,0.0,0.0,1232722,49.833333333333336,0.020066889632107024,3.091042453358316,3.044522437723423,5980.0,0,0.0,0.0
3.0,151.0,191.0,26.0,1.0,0.0,1.0,0.0,1.0,0.0,0.0,0.0,0.0,1.0,0.0,0.0,0.0,0.0,0.0,0.0,0.0,0.0,0.0,1609464,50.333333333333336,0.019867549668874173,5.2574953720277815,3.295836866004329,3926.0,0,0.0,0.0
4.0,179.0,92.0,8.0,1.0,0.0,0.0,0.0,1.0,0.0,0.0,1.0,0.0,0.0,0.0,0.0,0.0,0.0,0.0,0.0,0.0,0.0,0.0,944078,44.75,0.0223463687150838,4.532599493153256,2.1972245773362196,1432.0,0,0.0,0.0
2.0,99.0,63.0,5.0,1.0,1.0,1.0,0.0,0.0,0.0,0.0,0.0,0.0,0.0,0.0,1.0,0.0,0.0,0.0,0.0,0.0,0.0,0.0,633512,49.5,0.020202020202020204,4.1588830833596715,1.791759469228055,495.0,0,0.0,0.0
4.0,186.0,52.0,21.0,1.0,1.0,0.0,1.0,0.0,0.0,0.0,0.0,0.0,0.0,0.0,1.0,0.0,0.0,0.0,0.0,0.0,0.0,0.0,1016783,46.5,0.021505376344086023,3.970291913552122,3.091042453358316,3906.0,0,0.0,0.0
5.0,240.0,222.0,5.0,1.0,1.0,1.0,0.0,0.0,0.0,0.0,0.0,0.0,0.0,0.0,0.0,0.0,0.0,1.0,0.0,0.0,0.0,0.0,2600000,48.0,0.020833333333333332,5.407171771460119,1.791759469228055,1200.0,0,0.0,0.0
2.0,116.0,33.0,40.0,1.0,1.0,1.0,0.0,0.0,0.0,0.0,1.0,0.0,0.0,0.0,0.0,0.0,0.0,0.0,0.0,0.0,0.0,0.0,654254,58.0,0.017241379310344827,3.5263605246161616,3.713572066704308,4640.0,0,0.0,0.0
6.0,276.0,94.0,38.0,1.0,1.0,0.0,0.0,0.0,0.0,0.0,0.0,0.0,0.0,0.0,0.0,0.0,1.0,0.0,0.0,0.0,0.0,0.0,1831063,46.0,0.021739130434782608,4.553876891600541,3.6635616461296463,10488.0,0,0.0,0.0
5.0,262.0,216.0,21.0,1.0,1.0,1.0,0.0,0.0,0.0,0.0,0.0,0.0,1.0,0.0,0.0,0.0,0.0,0.0,0.0,0.0,0.0,0.0,2085458,52.4,0.019083969465648856,5.37989735354046,3.091042453358316,5502.0,0,0.0,0.0
3.0,163.0,75.0,33.0,1.0,1.0,0.0,1.0,0.0,0.0,0.0,0.0,0.0,0.0,0.0,0.0,0.0,0.0,0.0,0.0,0.0,1.0,0.0,1197372,54.333333333333336,0.018404907975460124,4.330733340286331,3.5263605246161616,5379.0,0,0.0,0.0
4.0,116.0,226.0,18.0,1.0,1.0,1.0,0.0,1.0,0.0,0.0,0.0,0.0,0.0,0.0,0.0,0.0,1.0,0.0,0.0,0.0,0.0,0.0,1089805,29.0,0.034482758620689655,5.424950017481403,2.9444389791664403,2088.0,0,0.0,0.0
5.0,241.0,101.0,30.0,1.0,1.0,0.0,0.0,1.0,0.0,0.0,1.0,0.0,0.0,0.0,0.0,0.0,0.0,0.0,0.0,0.0,0.0,0.0,1067184,48.2,0.02074688796680498,4.624972813284271,3.4339872044851463,7230.0,0,0.0,0.0
2.0,126.0,225.0,3.0,1.0,1.0,1.0,0.0,0.0,0.0,0.0,0.0,0.0,0.0,0.0,0.0,0.0,0.0,0.0,0.0,0.0,0.0,1.0,1441714,63.0,0.015873015873015872,5.420534999272286,1.3862943611198906,378.0,0,0.0,0.0
6.0,276.0,153.0,38.0,1.0,1.0,0.0,0.0,0.0,0.0,0.0,0.0,0.0,0.0,0.0,0.0,0.0,1.0,0.0,0.0,0.0,0.0,0.0,1831063,46.0,0.021739130434782608,5.0369526024136295,3.6635616461296463,10488.0,0,0.0,0.0
1.0,37.0,243.0,35.0,1.0,0.0,0.0,0.0,0.0,0.0,0.0,0.0,0.0,0.0,0.0,0.0,0.0,0.0,1.0,0.0,0.0,0.0,0.0,406192,37.0,0.02702702702702703,5.497168225293202,3.58351893845611,1295.0,0,0.0,0.0
4.0,188.0,148.0,28.0,1.0,1.0,0.0,0.0,0.0,0.0,1.0,0.0,0.0,0.0,0.0,0.0,0.0,0.0,0.0,0.0,0.0,0.0,0.0,582680,47.0,0.02127659574468085,5.003946305945459,3.367295829986474,5264.0,0,0.0,0.0
4.0,197.0,273.0,10.0,1.0,1.0,1.0,0.0,1.0,0.0,0.0,0.0,0.0,0.0,0.0,0.0,0.0,0.0,0.0,0.0,0.0,1.0,0.0,1420910,49.25,0.02030456852791878,5.6131281063880705,2.3978952727983707,1970.0,0,0.0,0.0
1.0,47.0,181.0,24.0,1.0,1.0,1.0,0.0,0.0,0.0,0.0,0.0,0.0,0.0,1.0,0.0,0.0,0.0,0.0,0.0,0.0,0.0,0.0,482350,47.0,0.02127659574468085,5.204006687076795,3.2188758248682006,1128.0,0,0.0,0.0
4.0,195.0,170.0,22.0,1.0,1.0,1.0,1.0,0.0,0.0,0.0,0.0,0.0,0.0,0.0,0.0,0.0,0.0,0.0,0.0,0.0,1.0,0.0,1474447,48.75,0.020512820512820513,5.14166355650266,3.1354942159291497,4290.0,0,0.0,0.0
3.0,142.0,296.0,34.0,1.0,0.0,0.0,0.0,1.0,0.0,0.0,0.0,1.0,0.0,0.0,0.0,0.0,0.0,0.0,0.0,0.0,0.0,0.0,1599599,47.333333333333336,0.02112676056338028,5.6937321388027,3.5553480614894135,4828.0,0,0.0,0.0
5.0,230.0,218.0,36.0,1.0,1.0,1.0,0.0,0.0,0.0,0.0,0.0,1.0,0.0,0.0,0.0,0.0,0.0,0.0,0.0,0.0,0.0,0.0,2006894,46.0,0.021739130434782608,5.389071729816501,3.6109179126442243,8280.0,0,0.0,0.0
4.0,169.0,172.0,11.0,1.0,1.0,1.0,1.0,0.0,0.0,0.0,0.0,0.0,0.0,1.0,0.0,0.0,0.0,0.0,0.0,0.0,0.0,0.0,1252990,42.25,0.023668639053254437,5.153291594497779,2.4849066497880004,1859.0,0,0.0,0.0
4.0,183.0,213.0,14.0,1.0,1.0,0.0,0.0,1.0,0.0,0.0,0.0,0.0,1.0,0.0,0.0,0.0,0.0,0.0,0.0,0.0,0.0,0.0,1524598,45.75,0.02185792349726776,5.365976015021851,2.70805020110221,2562.0,0,0.0,0.0
2.0,126.0,273.0,29.0,1.0,1.0,1.0,0.0,0.0,0.0,0.0,0.0,0.0,0.0,0.0,0.0,0.0,0.0,1.0,0.0,0.0,0.0,0.0,1448038,63.0,0.015873015873015872,5.6131281063880705,3.4011973816621555,3654.0,0,0.0,0.0
6.0,281.0,262.0,21.0,1.0,1.0,1.0,0.0,0.0,0.0,0.0,0.0,0.0,0.0,0.0,0.0,0.0,0.0,1.0,0.0,0.0,0.0,0.0,2600000,46.833333333333336,0.021352313167259787,5.572154032177765,3.091042453358316,5901.0,0,0.0,0.0
1.0,84.0,143.0,37.0,1.0,1.0,1.0,0.0,0.0,0.0,0.0,1.0,0.0,0.0,0.0,0.0,0.0,0.0,0.0,0.0,0.0,0.0,0.0,405006,84.0,0.011904761904761904,4.969813299576001,3.6375861597263857,3108.0,0,0.0,0.0
2.0,80.0,211.0,16.0,1.0,0.0,1.0,0.0,0.0,0.0,1.0,0.0,0.0,0.0,0.0,0.0,0.0,0.0,0.0,0.0,0.0,0.0,0.0,286840,40.0,0.025,5.356586274672012,2.833213344056216,1280.0,0,0.0,0.0
1.0,73.0,178.0,11.0,1.0,0.0,1.0,1.0,0.0,1.0,0.0,0.0,0.0,0.0,0.0,0.0,0.0,0.0,0.0,0.0,0.0,0.0,0.0,522789,73.0,0.0136986301369863,5.187385805840755,2.4849066497880004,803.0,0,0.0,0.0
2.0,128.0,68.0,36.0,1.0,1.0,1.0,0.0,0.0,0.0,0.0,0.0,0.0,0.0,0.0,0.0,0.0,0.0,1.0,0.0,0.0,0.0,0.0,1536788,64.0,0.015625,4.23410650459726,3.6109179126442243,4608.0,0,0.0,0.0
6.0,305.0,44.0,15.0,1.0,1.0,1.0,0.0,1.0,0.0,0.0,0.0,0.0,0.0,0.0,0.0,0.0,0.0,0.0,0.0,1.0,0.0,0.0,1877765,50.833333333333336,0.019672131147540985,3.8066624897703196,2.772588722239781,4575.0,0,0.0,0.0
1.0,169.0,219.0,20.0,0.0,1.0,0.0,0.0,0.0,0.0,0.0,0.0,0.0,0.0,0.0,0.0,1.0,0.0,0.0,0.0,0.0,0.0,0.0,192180,169.0,0.005917159763313609,5.393627546352361,3.044522437723423,3380.0,0,0.0,0.0
2.0,97.0,272.0,34.0,1.0,1.0,1.0,0.0,0.0,1.0,0.0,0.0,0.0,0.0,0.0,0.0,0.0,0.0,0.0,0.0,0.0,0.0,0.0,281230,48.5,0.020618556701030927,5.60947179518496,3.5553480614894135,3298.0,0,0.0,0.0
3.0,142.0,66.0,20.0,0.0,1.0,1.0,1.0,1.0,0.0,0.0,0.0,0.0,0.0,0.0,0.0,0.0,0.0,0.0,0.0,0.0,1.0,0.0,1531501,47.333333333333336,0.02112676056338028,4.204692619390966,3.044522437723423,2840.0,0,0.0,0.0
5.0,215.0,243.0,11.0,1.0,1.0,0.0,0.0,1.0,0.0,0.0,0.0,0.0,0.0,1.0,0.0,0.0,0.0,0.0,0.0,0.0,0.0,0.0,1341097,43.0,0.023255813953488372,5.497168225293202,2.4849066497880004,2365.0,0,0.0,0.0
5.0,255.0,213.0,29.0,1.0,1.0,1.0,0.0,1.0,0.0,0.0,1.0,0.0,0.0,0.0,0.0,0.0,0.0,0.0,0.0,0.0,0.0,0.0,1313016,51.0,0.0196078431372549,5.365976015021851,3.4011973816621555,7395.0,0,0.0,0.0
3.0,126.0,166.0,17.0,1.0,1.0,1.0,0.0,1.0,0.0,0.0,0.0,1.0,0.0,0.0,0.0,0.0,0.0,0.0,0.0,0.0,0.0,0.0,1296997,42.0,0.023809523809523808,5.117993812416755,2.8903717578961645,2142.0,0,0.0,0.0
3.0,122.0,260.0,5.0,0.0,0.0,0.0,1.0,1.0,0.0,0.0,0.0,0.0,0.0,0.0,0.0,0.0,0.0,1.0,0.0,0.0,0.0,0.0,2366166,40.666666666666664,0.02459016393442623,5.564520407322694,1.791759469228055,610.0,0,0.0,0.0
5.0,257.0,126.0,31.0,1.0,1.0,1.0,0.0,0.0,0.0,0.0,0.0,1.0,0.0,0.0,0.0,0.0,0.0,0.0,0.0,0.0,0.0,0.0,2435903,51.4,0.019455252918287938,4.844187086458591,3.4657359027997265,7967.0,0,0.0,0.0
3.0,128.0,98.0,15.0,1.0,1.0,1.0,1.0,0.0,0.0,0.0,0.0,0.0,1.0,0.0,0.0,0.0,0.0,0.0,0.0,0.0,0.0,0.0,1533061,42.666666666666664,0.0234375,4.59511985013459,2.772588722239781,1920.0,0,0.0,0.0
6.0,291.0,60.0,33.0,1.0,1.0,0.0,0.0,0.0,0.0,0.0,0.0,0.0,0.0,0.0,0.0,0.0,0.0,0.0,0.0,0.0,0.0,1.0,2562145,48.5,0.020618556701030927,4.110873864173311,3.5263605246161616,9603.0,0,0.0,0.0
3.0,150.0,155.0,27.0,1.0,0.0,0.0,0.0,1.0,0.0,0.0,0.0,0.0,0.0,0.0,0.0,1.0,0.0,0.0,0.0,0.0,0.0,0.0,544343,50.0,0.02,5.049856007249537,3.332204510175204,4050.0,0,0.0,0.0
6.0,267.0,234.0,0.0,1.0,1.0,0.0,0.0,1.0,0.0,0.0,0.0,0.0,0.0,0.0,0.0,0.0,1.0,0.0,0.0,0.0,0.0,0.0,2089891,44.5,0.02247191011235955,5.459585514144159,0.0,0.0,0,0.0,0.0
1.0,56.0,153.0,13.0,1.0,1.0,1.0,0.0,0.0,0.0,1.0,0.0,0.0,0.0,0.0,0.0,0.0,0.0,0.0,0.0,0.0,0.0,0.0,365056,56.0,0.017857142857142856,5.0369526024136295,2.639057329615259,728.0,0,0.0,0.0
1.0,50.0,65.0,12.0,1.0,1.0,0.0,0.0,0.0,0.0,0.0,0.0,0.0,0.0,0.0,0.0,0.0,0.0,0.0,0.0,0.0,1.0,0.0,521765,50.0,0.02,4.189654742026425,2.5649493574615367,600.0,0,0.0,0.0
4.0,262.0,282.0,36.0,1.0,1.0,1.0,0.0,1.0,0.0,0.0,0.0,0.0,0.0,0.0,0.0,0.0,1.0,0.0,0.0,0.0,0.0,0.0,1987297,65.5,0.015267175572519083,5.645446897643238,3.6109179126442243,9432.0,0,0.0,0.0
2.0,169.0,294.0,23.0,1.0,0.0,0.0,0.0,0.0,0.0,1.0,0.0,0.0,0.0,0.0,0.0,0.0,0.0,0.0,0.0,0.0,0.0,0.0,249830,84.5,0.011834319526627219,5.68697535633982,3.1780538303479458,3887.0,0,0.0,0.0
3.0,172.0,23.0,10.0,1.0,1.0,1.0,0.0,0.0,1.0,0.0,0.0,0.0,0.0,0.0,0.0,0.0,0.0,0.0,0.0,0.0,0.0,0.0,508768,57.333333333333336,0.01744186046511628,3.1780538303479458,2.3978952727983707,1720.0,0,0.0,0.0
1.0,67.0,60.0,25.0,1.0,0.0,0.0,0.0,0.0,0.0,0.0,0.0,0.0,1.0,0.0,0.0,0.0,0.0,0.0,0.0,0.0,0.0,0.0,567908,67.0,0.014925373134328358,4.110873864173311,3.258096538021482,1675.0,0,0.0,0.0
3.0,145.0,54.0,16.0,1.0,1.0,1.0,0.0,0.0,0.0,0.0,1.0,0.0,0.0,0.0,0.0,0.0,0.0,0.0,0.0,0.0,0.0,0.0,877121,48.333333333333336,0.020689655172413793,4.007333185232471,2.833213344056216,2320.0,0,0.0,0.0
6.0,253.0,255.0,2.0,1.0,1.0,0.0,0.0,1.0,0.0,0.0,0.0,0.0,0.0,0.0,0.0,0.0,0.0,0.0,0.0,0.0,1.0,0.0,1519435,42.166666666666664,0.023715415019762844,5.545177444479562,1.0986122886681096,506.0,0,0.0,0.0
4.0,197.0,272.0,7.0,1.0,1.0,0.0,0.0,1.0,0.0,0.0,1.0,0.0,0.0,0.0,0.0,0.0,0.0,0.0,0.0,0.0,0.0,0.0,1234057,49.25,0.02030456852791878,5.60947179518496,2.0794415416798357,1379.0,0,0.0,0.0
1.0,82.0,224.0,39.0,0.0,1.0,1.0,0.0,0.0,1.0,0.0,0.0,0.0,0.0,0.0,0.0,0.0,0.0,0.0,0.0,0.0,0.0,0.0,252890,82.0,0.012195121951219513,5.41610040220442,3.6888794541139363,3198.0,0,0.0,0.0
6.0,257.0,142.0,20.0,1.0,1.0,0.0,0.0,0.0,0.0,0.0,0.0,0.0,0.0,0.0,0.0,0.0,0.0,0.0,0.0,0.0,1.0,0.0,1048698,42.833333333333336,0.023346303501945526,4.962844630259907,3.044522437723423,5140.0,0,0.0,0.0
3.0,133.0,240.0,4.0,0.0,1.0,0.0,0.0,0.0,0.0,0.0,0.0,0.0,0.0,1.0,0.0,0.0,0.0,0.0,0.0,0.0,0.0,0.0,661844,44.333333333333336,0.022556390977443608,5.484796933490655,1.6094379124341003,532.0,0,0.0,0.0
6.0,305.0,49.0,31.0,1.0,1.0,1.0,0.0,1.0,0.0,0.0,0.0,0.0,0.0,0.0,0.0,0.0,0.0,0.0,0.0,1.0,0.0,0.0,1999986,50.833333333333336,0.019672131147540985,3.912023005428146,3.4657359027997265,9455.0,0,0.0,0.0
2.0,118.0,95.0,34.0,1.0,1.0,1.0,0.0,0.0,0.0,1.0,0.0,0.0,0.0,0.0,0.0,0.0,0.0,0.0,0.0,0.0,0.0,0.0,497616,59.0,0.01694915254237288,4.564348191467836,3.5553480614894135,4012.0,0,0.0,0.0
5.0,248.0,153.0,33.0,1.0,1.0,1.0,0.0,1.0,0.0,0.0,0.0,0.0,0.0,0.0,0.0,0.0,0.0,0.0,0.0,0.0,1.0,0.0,887255,49.6,0.020161290322580645,5.0369526024136295,3.5263605246161616,8184.0,0,0.0,0.0
4.0,169.0,198.0,25.0,1.0,1.0,1.0,0.0,0.0,0.0,0.0,0.0,0.0,0.0,0.0,0.0,1.0,0.0,0.0,0.0,0.0,0.0,0.0,655523,42.25,0.023668639053254437,5.293304824724492,3.258096538021482,4225.0,0,0.0,0.0
5.0,249.0,208.0,40.0,1.0,1.0,1.0,0.0,1.0,0.0,0.0,0.0,0.0,0.0,0.0,0.0,0.0,1.0,0.0,0.0,0.0,0.0,0.0,1788919,49.8,0.020080321285140562,5.342334251964811,3.713572066704308,9960.0,0,0.0,0.0
4.0,169.0,133.0,9.0,1.0,1.0,0.0,0.0,0.0,0.0,0.0,0.0,0.0,0.0,0.0,1.0,0.0,0.0,0.0,0.0,0.0,0.0,0.0,725340,42.25,0.023668639053254437,4.897839799950911,2.302585092994046,1521.0,0,0.0,0.0
4.0,185.0,227.0,10.0,1.0,1.0,1.0,0.0,0.0,0.0,0.0,0.0,0.0,0.0,0.0,0.0,0.0,0.0,0.0,0.0,0.0,1.0,0.0,1294312,46.25,0.021621621621621623,5.429345628954441,2.3978952727983707,1850.0,0,0.0,0.0
3.0,134.0,215.0,14.0,1.0,0.0,0.0,0.0,0.0,0.0,0.0,0.0,0.0,0.0,0.0,0.0,0.0,0.0,1.0,0.0,0.0,0.0,0.0,2190088,44.666666666666664,0.022388059701492536,5.375278407684165,2.70805020110221,1876.0,0,0.0,0.0
5.0,218.0,8.0,10.0,1.0,1.0,0.0,0.0,1.0,0.0,0.0,0.0,0.0,0.0,0.0,0.0,0.0,1.0,0.0,0.0,0.0,0.0,0.0,1760321,43.6,0.022935779816513763,2.1972245773362196,2.3978952727983707,2180.0,0,0.0,0.0
2.0,73.0,62.0,10.0,1.0,1.0,1.0,0.0,0.0,0.0,0.0,0.0,0.0,0.0,0.0,0.0,0.0,0.0,0.0,1.0,0.0,0.0,0.0,547994,36.5,0.0273972602739726,4.143134726391533,2.3978952727983707,730.0,0,0.0,0.0
1.0,53.0,283.0,4.0,1.0,1.0,1.0,0.0,0.0,0.0,0.0,0.0,1.0,0.0,0.0,0.0,0.0,0.0,0.0,0.0,0.0,0.0,0.0,688494,53.0,0.018867924528301886,5.648974238161206,1.6094379124341003,212.0,0,0.0,0.0
1.0,169.0,211.0,13.0,1.0,1.0,0.0,0.0,0.0,0.0,1.0,0.0,0.0,0.0,0.0,0.0,0.0,0.0,0.0,0.0,0.0,0.0,0.0,181870,169.0,0.005917159763313609,5.356586274672012,2.639057329615259,2197.0,0,0.0,0.0
2.0,81.0,58.0,20.0,1.0,1.0,1.0,0.0,0.0,0.0,0.0,0.0,1.0,0.0,0.0,0.0,0.0,0.0,0.0,0.0,0.0,0.0,0.0,1363749,40.5,0.024691358024691357,4.07753744390572,3.044522437723423,1620.0,0,0.0,0.0
4.0,190.0,185.0,27.0,1.0,1.0,0.0,0.0,1.0,1.0,0.0,0.0,0.0,0.0,0.0,0.0,0.0,0.0,0.0,0.0,0.0,0.0,0.0,580183,47.5,0.021052631578947368,5.225746673713202,3.332204510175204,5130.0,0,0.0,0.0
2.0,112.0,97.0,14.0,1.0,1.0,1.0,1.0,1.0,0.0,0.0,0.0,0.0,0.0,0.0,1.0,0.0,0.0,0.0,0.0,0.0,0.0,0.0,1066380,56.0,0.017857142857142856,4.584967478670572,2.70805020110221,1568.0,0,0.0,0.0
3.0,117.0,62.0,17.0,1.0,1.0,1.0,0.0,1.0,0.0,0.0,0.0,0.0,0.0,0.0,0.0,0.0,0.0,0.0,1.0,0.0,0.0,0.0,784573,39.0,0.02564102564102564,4.143134726391533,2.8903717578961645,1989.0,0,0.0,0.0
2.0,89.0,120.0,27.0,1.0,1.0,1.0,0.0,0.0,0.0,0.0,0.0,0.0,0.0,0.0,0.0,0.0,0.0,1.0,0.0,0.0,0.0,0.0,1120678,44.5,0.02247191011235955,4.795790545596741,3.332204510175204,2403.0,0,0.0,0.0
2.0,116.0,153.0,15.0,1.0,0.0,1.0,1.0,0.0,0.0,0.0,0.0,0.0,0.0,0.0,0.0,0.0,0.0,0.0,0.0,0.0,1.0,0.0,2494708,58.0,0.017241379310344827,5.0369526024136295,2.772588722239781,1740.0,0,0.0,0.0
3.0,115.0,77.0,23.0,0.0,0.0,1.0,0.0,1.0,0.0,0.0,1.0,0.0,0.0,0.0,0.0,0.0,0.0,0.0,0.0,0.0,0.0,0.0,893796,38.333333333333336,0.02608695652173913,4.356708826689592,3.1780538303479458,2645.0,0,0.0,0.0
6.0,300.0,67.0,10.0,1.0,1.0,1.0,1.0,0.0,0.0,0.0,0.0,0.0,0.0,0.0,0.0,0.0,0.0,0.0,1.0,0.0,0.0,0.0,1663707,50.0,0.02,4.219507705176107,2.3978952727983707,3000.0,0,0.0,0.0
1.0,55.0,224.0,19.0,0.0,1.0,1.0,0.0,0.0,0.0,1.0,0.0,0.0,0.0,0.0,0.0,0.0,0.0,0.0,0.0,0.0,0.0,0.0,294403,55.0,0.01818181818181818,5.41610040220442,2.995732273553991,1045.0,0,0.0,0.0
4.0,182.0,39.0,3.0,1.0,1.0,1.0,0.0,1.0,0.0,0.0,0.0,0.0,0.0,1.0,0.0,0.0,0.0,0.0,0.0,0.0,0.0,0.0,1214330,45.5,0.02197802197802198,3.6888794541139363,1.3862943611198906,546.0,0,0.0,0.0
1.0,55.0,22.0,20.0,1.0,1.0,0.0,0.0,0.0,0.0,0.0,0.0,0.0,0.0,0.0,0.0,0.0,0.0,0.0,0.0,0.0,1.0,0.0,492200,55.0,0.01818181818181818,3.1354942159291497,3.044522437723423,1100.0,0,0.0,0.0
1.0,74.0,59.0,6.0,0.0,1.0,1.0,0.0,1.0,0.0,0.0,0.0,1.0,0.0,0.0,0.0,0.0,0.0,0.0,0.0,0.0,0.0,0.0,1208953,74.0,0.013513513513513514,4.0943445622221,1.9459101490553132,444.0,0,0.0,0.0
5.0,234.0,47.0,37.0,1.0,1.0,0.0,1.0,0.0,0.0,0.0,0.0,0.0,0.0,0.0,0.0,0.0,0.0,0.0,0.0,0.0,0.0,1.0,2600000,46.8,0.021367521367521368,3.8712010109078907,3.6375861597263857,8658.0,0,0.0,0.0
3.0,116.0,238.0,10.0,1.0,1.0,1.0,0.0,0.0,1.0,0.0,0.0,0.0,0.0,0.0,0.0,0.0,0.0,0.0,0.0,0.0,0.0,0.0,395848,38.666666666666664,0.02586206896551724,5.476463551931511,2.3978952727983707,1160.0,0,0.0,0.0
6.0,290.0,129.0,24.0,1.0,1.0,1.0,1.0,0.0,0.0,0.0,0.0,0.0,0.0,0.0,0.0,0.0,0.0,0.0,0.0,1.0,0.0,0.0,2043228,48.333333333333336,0.020689655172413793,4.867534450455582,3.2188758248682006,6960.0,0,0.0,0.0
4.0,203.0,256.0,18.0,1.0,0.0,1.0,0.0,1.0,0.0,0.0,0.0,0.0,0.0,0.0,1.0,0.0,0.0,0.0,0.0,0.0,0.0,0.0,772553,50.75,0.019704433497536946,5.54907608489522,2.9444389791664403,3654.0,0,0.0,0.0
5.0,219.0,188.0,6.0,1.0,1.0,1.0,1.0,0.0,0.0,0.0,0.0,0.0,0.0,0.0,0.0,0.0,0.0,0.0,0.0,1.0,0.0,0.0,1734567,43.8,0.0228310502283105,5.241747015059643,1.9459101490553132,1314.0,0,0.0,0.0
2.0,94.0,295.0,2.0,1.0,0.0,0.0,0.0,0.0,0.0,0.0,0.0,1.0,0.0,0.0,0.0,0.0,0.0,0.0,0.0,0.0,0.0,0.0,868643,47.0,0.02127659574468085,5.69035945432406,1.0986122886681096,188.0,0,0.0,0.0
2.0,108.0,150.0,3.0,0.0,1.0,1.0,0.0,0.0,0.0,0.0,0.0,0.0,0.0,0.0,0.0,1.0,0.0,0.0,0.0,0.0,0.0,0.0,482399,54.0,0.018518518518518517,5.017279836814924,1.3862943611198906,324.0,0,0.0,0.0
6.0,299.0,111.0,12.0,1.0,1.0,0.0,0.0,0.0,0.0,0.0,0.0,0.0,0.0,0.0,0.0,1.0,0.0,0.0,0.0,0.0,0.0,0.0,999984,49.833333333333336,0.020066889632107024,4.718498871295094,2.5649493574615367,3588.0,0,0.0,0.0
4.0,189.0,12.0,33.0,1.0,1.0,1.0,0.0,0.0,0.0,0.0,0.0,0.0,0.0,0.0,0.0,0.0,0.0,0.0,1.0,0.0,0.0,0.0,951313,47.25,0.021164021164021163,2.5649493574615367,3.5263605246161616,6237.0,0,0.0,0.0
3.0,168.0,296.0,22.0,1.0,1.0,1.0,0.0,0.0,0.0,0.0,0.0,0.0,0.0,0.0,0.0,1.0,0.0,0.0,0.0,0.0,0.0,0.0,451020,56.0,0.017857142857142856,5.6937321388027,3.1354942159291497,3696.0,0,0.0,0.0
6.0,273.0,79.0,4.0,1.0,1.0,1.0,0.0,0.0,0.0,0.0,1.0,0.0,0.0,0.0,0.0,0.0,0.0,0.0,0.0,0.0,0.0,0.0,1241076,45.5,0.02197802197802198,4.382026634673881,1.6094379124341003,1092.0,0,0.0,0.0
3.0,123.0,157.0,19.0,1.0,1.0,0.0,0.0,1.0,0.0,0.0,0.0,0.0,1.0,0.0,0.0,0.0,0.0,0.0,0.0,0.0,0.0,0.0,1159467,41.0,0.024390243902439025,5.062595033026967,2.995732273553991,2337.0,0,0.0,0.0
5.0,252.0,56.0,34.0,1.0,1.0,0.0,0.0,0.0,0.0,0.0,0.0,0.0,0.0,0.0,0.0,0.0,0.0,0.0,0.0,0.0,1.0,0.0,1519041,50.4,0.01984126984126984,4.04305126783455,3.5553480614894135,8568.0,0,0.0,0.0
6.0,282.0,167.0,7.0,1.0,1.0,1.0,1.0,1.0,0.0,0.0,0.0,0.0,0.0,0.0,0.0,0.0,0.0,0.0,0.0,0.0,0.0,1.0,2600000,47.0,0.02127659574468085,5.123963979403259,2.0794415416798357,1974.0,0,0.0,0.0
6.0,254.0,114.0,29.0,1.0,1.0,1.0,0.0,1.0,0.0,1.0,0.0,0.0,0.0,0.0,0.0,0.0,0.0,0.0,0.0,0.0,0.0,0.0,1119505,42.333333333333336,0.023622047244094488,4.74493212836325,3.4011973816621555,7366.0,0,0.0,0.0
2.0,81.0,96.0,17.0,0.0,1.0,1.0,0.0,0.0,0.0,0.0,0.0,0.0,0.0,0.0,0.0,0.0,0.0,0.0,1.0,0.0,0.0,0.0,597977,40.5,0.024691358024691357,4.574710978503383,2.8903717578961645,1377.0,0,0.0,0.0
5.0,252.0,295.0,20.0,1.0,1.0,0.0,0.0,0.0,0.0,0.0,0.0,0.0,0.0,0.0,0.0,0.0,1.0,0.0,0.0,0.0,0.0,0.0,1704211,50.4,0.01984126984126984,5.69035945432406,3.044522437723423,5040.0,0,0.0,0.0
4.0,169.0,249.0,0.0,1.0,1.0,0.0,0.0,0.0,0.0,0.0,0.0,1.0,0.0,0.0,0.0,0.0,0.0,0.0,0.0,0.0,0.0,0.0,1796479,42.25,0.023668639053254437,5.521460917862246,0.0,0.0,0,0.0,0.0
3.0,135.0,53.0,19.0,1.0,0.0,1.0,0.0,0.0,0.0,0.0,0.0,0.0,0.0,0.0,0.0,0.0,0.0,0.0,1.0,0.0,0.0,0.0,606926,45.0,0.022222222222222223,3.9889840465642745,2.995732273553991,2565.0,0,0.0,0.0
5.0,262.0,73.0,39.0,1.0,1.0,1.0,0.0,0.0,0.0,0.0,0.0,0.0,0.0,0.0,0.0,0.0,1.0,0.0,0.0,0.0,0.0,0.0,1786611,52.4,0.019083969465648856,4.304065093204169,3.6888794541139363,10218.0,0,0.0,0.0
4.0,215.0,9.0,7.0,1.0,0.0,0.0,0.0,1.0,0.0,0.0,0.0,0.0,0.0,0.0,0.0,0.0,0.0,1.0,0.0,0.0,0.0,0.0,2600000,53.75,0.018604651162790697,2.302585092994046,2.0794415416798357,1505.0,0,0.0,0.0
4.0,239.0,157.0,5.0,1.0,1.0,1.0,0.0,1.0,0.0,0.0,0.0,0.0,0.0,0.0,0.0,0.0,0.0,0.0,0.0,0.0,1.0,0.0,1743130,59.75,0.016736401673640166,5.062595033026967,1.791759469228055,1195.0,0,0.0,0.0
2.0,72.0,193.0,23.0,0.0,1.0,0.0,0.0,1.0,0.0,0.0,0.0,0.0,0.0,0.0,1.0,0.0,0.0,0.0,0.0,0.0,0.0,0.0,453508,36.0,0.027777777777777776,5.267858159063328,3.1780538303479458,1656.0,0,0.0,0.0
1.0,32.0,153.0,20.0,1.0,0.0,0.0,0.0,0.0,1.0,0.0,0.0,0.0,0.0,0.0,0.0,0.0,0.0,0.0,0.0,0.0,0.0,0.0,151335,32.0,0.03125,5.0369526024136295,3.044522437723423,640.0,0,0.0,0.0
6.0,258.0,299.0,7.0,1.0,1.0,1.0,0.0,0.0,0.0,0.0,0.0,0.0,0.0,0.0,0.0,0.0,0.0,0.0,1.0,0.0,0.0,0.0,1238428,43.0,0.023255813953488372,5.703782474656201,2.0794415416798357,1806.0,0,0.0,0.0
6.0,296.0,268.0,39.0,1.0,1.0,0.0,0.0,0.0,0.0,0.0,0.0,0.0,0.0,0.0,0.0,1.0,0.0,0.0,0.0,0.0,0.0,0.0,916087,49.333333333333336,0.02027027027027027,5.594711379601839,3.6888794541139363,11544.0,0,0.0,0.0
4.0,194.0,189.0,39.0,1.0,1.0,0.0,1.0,0.0,0.0,0.0,0.0,0.0,0.0,0.0,0.0,0.0,0.0,0.0,0.0,0.0,1.0,0.0,1208719,48.5,0.020618556701030927,5.247024072160486,3.6888794541139363,7566.0,0,0.0,0.0
1.0,40.0,239.0,12.0,1.0,0.0,1.0,0.0,0.0,0.0,0.0,0.0,0.0,0.0,0.0,0.0,0.0,0.0,0.0,0.0,0.0,1.0,0.0,352989,40.0,0.025,5.480638923341991,2.5649493574615367,480.0,0,0.0,0.0
6.0,284.0,32.0,20.0,1.0,1.0,0.0,0.0,0.0,0.0,0.0,0.0,0.0,0.0,0.0,0.0,0.0,0.0,0.0,0.0,0.0,0.0,1.0,2600000,47.333333333333336,0.02112676056338028,3.4965075614664802,3.044522437723423,5680.0,0,0.0,0.0
6.0,250.0,32.0,29.0,1.0,1.0,1.0,1.0,0.0,0.0,0.0,0.0,0.0,0.0,0.0,0.0,0.0,0.0,0.0,0.0,0.0,1.0,0.0,1921167,41.666666666666664,0.024,3.4965075614664802,3.4011973816621555,7250.0,0,0.0,0.0
4.0,204.0,221.0,38.0,1.0,1.0,0.0,0.0,0.0,0.0,0.0,0.0,0.0,0.0,0.0,0.0,0.0,0.0,0.0,0.0,0.0,1.0,0.0,832796,51.0,0.0196078431372549,5.402677381872279,3.6635616461296463,7752.0,0,0.0,0.0
1.0,78.0,128.0,9.0,1.0,1.0,0.0,0.0,1.0,0.0,0.0,0.0,0.0,0.0,0.0,0.0,0.0,0.0,1.0,0.0,0.0,0.0,0.0,1574863,78.0,0.01282051282051282,4.859812404361672,2.302585092994046,702.0,0,0.0,0.0
2.0,115.0,67.0,38.0,1.0,0.0,1.0,0.0,0.0,0.0,0.0,0.0,0.0,0.0,0.0,0.0,0.0,0.0,0.0,0.0,0.0,0.0,1.0,1328618,57.5,0.017391304347826087,4.219507705176107,3.6635616461296463,4370.0,0,0.0,0.0
1.0,41.0,175.0,25.0,1.0,0.0,1.0,0.0,0.0,0.0,1.0,0.0,0.0,0.0,0.0,0.0,0.0,0.0,0.0,0.0,0.0,0.0,0.0,258517,41.0,0.024390243902439025,5.170483995038151,3.258096538021482,1025.0,0,0.0,0.0
6.0,278.0,111.0,6.0,1.0,1.0,1.0,0.0,0.0,0.0,0.0,0.0,1.0,0.0,0.0,0.0,0.0,0.0,0.0,0.0,0.0,0.0,0.0,2600000,46.333333333333336,0.02158273381294964,4.718498871295094,1.9459101490553132,1668.0,0,0.0,0.0
2.0,85.0,102.0,19.0,0.0,1.0,0.0,0.0,0.0,0.0,0.0,1.0,0.0,0.0,0.0,0.0,0.0,0.0,0.0,0.0,0.0,0.0,0.0,435552,42.5,0.023529411764705882,4.634728988229636,2.995732273553991,1615.0,0,0.0,0.0
3.0,127.0,107.0,16.0,1.0,1.0,0.0,1.0,0.0,0.0,0.0,0.0,0.0,0.0,0.0,0.0,1.0,0.0,0.0,0.0,0.0,0.0,0.0,754605,42.333333333333336,0.023622047244094488,4.68213122712422,2.833213344056216,2032.0,0,0.0,0.0
5.0,228.0,260.0,36.0,1.0,1.0,0.0,1.0,0.0,0.0,0.0,0.0,0.0,0.0,0.0,0.0,0.0,0.0,1.0,0.0,0.0,0.0,0.0,2600000,45.6,0.021929824561403508,5.564520407322694,3.6109179126442243,8208.0,0,0.0,0.0
4.0,294.0,160.0,10.0,1.0,1.0,1.0,1.0,0.0,0.0,0.0,0.0,0.0,0.0,0.0,0.0,0.0,0.0,1.0,0.0,0.0,0.0,0.0,2600000,73.5,0.013605442176870748,5.081404364984463,2.3978952727983707,2940.0,0,0.0,0.0
5.0,241.0,205.0,4.0,1.0,1.0,0.0,0.0,1.0,0.0,0.0,0.0,0.0,0.0,0.0,0.0,0.0,0.0,0.0,0.0,1.0,0.0,0.0,1675700,48.2,0.02074688796680498,5.327876168789581,1.6094379124341003,964.0,0,0.0,0.0
1.0,35.0,68.0,21.0,1.0,0.0,1.0,0.0,0.0,0.0,0.0,0.0,0.0,0.0,0.0,0.0,0.0,0.0,1.0,0.0,0.0,0.0,0.0,1023285,35.0,0.02857142857142857,4.23410650459726,3.091042453358316,735.0,0,0.0,0.0
1.0,32.0,148.0,40.0,0.0,1.0,0.0,0.0,0.0,0.0,0.0,0.0,0.0,0.0,0.0,0.0,0.0,0.0,0.0,1.0,0.0,0.0,0.0,156174,32.0,0.03125,5.003946305945459,3.713572066704308,1280.0,0,0.0,0.0
4.0,203.0,21.0,0.0,1.0,1.0,1.0,0.0,0.0,0.0,0.0,0.0,0.0,1.0,0.0,0.0,0.0,0.0,0.0,0.0,0.0,0.0,0.0,1698993,50.75,0.019704433497536946,3.091042453358316,0.0,0.0,0,0.0,0.0
4.0,194.0,189.0,39.0,1.0,1.0,0.0,1.0,0.0,0.0,0.0,0.0,0.0,0.0,0.0,0.0,0.0,0.0,0.0,0.0,0.0,1.0,0.0,1208719,48.5,0.020618556701030927,5.247024072160486,3.6888794541139363,7566.0,0,0.0,0.0
1.0,67.0,118.0,37.0,1.0,0.0,1.0,0.0,0.0,0.0,1.0,0.0,0.0,0.0,0.0,0.0,0.0,0.0,0.0,0.0,0.0,0.0,0.0,266468,67.0,0.014925373134328358,4.77912349311153,3.6375861597263857,2479.0,0,0.0,0.0
4.0,180.0,191.0,16.0,1.0,1.0,0.0,0.0,0.0,0.0,0.0,0.0,0.0,0.0,1.0,0.0,0.0,0.0,0.0,0.0,0.0,0.0,0.0,948691,45.0,0.022222222222222223,5.2574953720277815,2.833213344056216,2880.0,0,0.0,0.0
6.0,307.0,126.0,24.0,1.0,1.0,0.0,0.0,0.0,0.0,0.0,0.0,0.0,0.0,0.0,0.0,0.0,0.0,0.0,0.0,1.0,0.0,0.0,1985966,51.166666666666664,0.019543973941368076,4.844187086458591,3.2188758248682006,7368.0,0,0.0,0.0
4.0,216.0,196.0,34.0,1.0,1.0,0.0,0.0,1.0,0.0,0.0,0.0,0.0,0.0,0.0,0.0,1.0,0.0,0.0,0.0,0.0,0.0,0.0,728007,54.0,0.018518518518518517,5.2832037287379885,3.5553480614894135,7344.0,0,0.0,0.0
1.0,30.0,142.0,33.0,1.0,0.0,0.0,1.0,0.0,0.0,1.0,0.0,0.0,0.0,0.0,0.0,0.0,0.0,0.0,0.0,0.0,0.0,0.0,322208,30.0,0.03333333333333333,4.962844630259907,3.5263605246161616,990.0,0,0.0,0.0
4.0,161.0,167.0,25.0,1.0,1.0,0.0,0.0,0.0,0.0,0.0,0.0,0.0,0.0,1.0,0.0,0.0,0.0,0.0,0.0,0.0,0.0,0.0,879679,40.25,0.024844720496894408,5.123963979403259,3.258096538021482,4025.0,0,0.0,0.0
6.0,272.0,235.0,31.0,1.0,1.0,1.0,0.0,1.0,0.0,0.0,0.0,0.0,0.0,0.0,0.0,0.0,0.0,0.0,0.0,0.0,1.0,0.0,1464786,45.333333333333336,0.022058823529411766,5.4638318050256105,3.4657359027997265,8432.0,0,0.0,0.0
2.0,98.0,250.0,31.0,1.0,1.0,1.0,0.0,0.0,0.0,0.0,0.0,0.0,0.0,0.0,0.0,0.0,0.0,0.0,1.0,0.0,0.0,0.0,494778,49.0,0.02040816326530612,5.5254529391317835,3.4657359027997265,3038.0,0,0.0,0.0
1.0,48.0,98.0,14.0,1.0,1.0,1.0,0.0,0.0,0.0,0.0,0.0,0.0,0.0,0.0,0.0,0.0,0.0,0.0,0.0,0.0,0.0,1.0,1077747,48.0,0.020833333333333332,4.59511985013459,2.70805020110221,672.0,0,0.0,0.0
3.0,174.0,219.0,31.0,1.0,0.0,1.0,0.0,1.0,0.0,0.0,0.0,0.0,1.0,0.0,0.0,0.0,0.0,0.0,0.0,0.0,0.0,0.0,1318338,58.0,0.017241379310344827,5.393627546352361,3.4657359027997265,5394.0,0,0.0,0.0
1.0,46.0,153.0,20.0,1.0,1.0,0.0,0.0,0.0,1.0,0.0,0.0,0.0,0.0,0.0,0.0,0.0,0.0,0.0,0.0,0.0,0.0,0.0,199931,46.0,0.021739130434782608,5.0369526024136295,3.044522437723423,920.0,0,0.0,0.0
2.0,123.0,207.0,20.0,1.0,1.0,0.0,0.0,0.0,0.0,0.0,0.0,0.0,0.0,0.0,0.0,0.0,0.0,0.0,0.0,0.0,0.0,1.0,1502898,61.5,0.016260162601626018,5.337538079701318,3.044522437723423,2460.0,0,0.0,0.0
3.0,141.0,226.0,2.0,1.0,1.0,0.0,0.0,1.0,0.0,0.0,0.0,0.0,0.0,0.0,0.0,0.0,0.0,0.0,0.0,0.0,1.0,0.0,739378,47.0,0.02127659574468085,5.424950017481403,1.0986122886681096,282.0,0,0.0,0.0
2.0,103.0,122.0,14.0,0.0,1.0,0.0,0.0,0.0,0.0,1.0,0.0,0.0,0.0,0.0,0.0,0.0,0.0,0.0,0.0,0.0,0.0,0.0,394031,51.5,0.019417475728155338,4.812184355372417,2.70805020110221,1442.0,0,0.0,0.0
5.0,205.0,295.0,12.0,1.0,1.0,1.0,0.0,0.0,0.0,0.0,1.0,0.0,0.0,0.0,0.0,0.0,0.0,0.0,0.0,0.0,0.0,0.0,1287255,41.0,0.024390243902439025,5.69035945432406,2.5649493574615367,2460.0,0,0.0,0.0
4.0,173.0,96.0,20.0,1.0,0.0,1.0,1.0,0.0,0.0,0.0,0.0,0.0,0.0,0.0,0.0,0.0,0.0,0.0,1.0,0.0,0.0,0.0,1252536,43.25,0.023121387283236993,4.574710978503383,3.044522437723423,3460.0,0,0.0,0.0
2.0,87.0,169.0,29.0,0.0,1.0,1.0,1.0,0.0,0.0,0.0,0.0,0.0,0.0,0.0,0.0,0.0,0.0,0.0,0.0,0.0,0.0,1.0,1660346,43.5,0.022988505747126436,5.135798437050262,3.4011973816621555,2523.0,0,0.0,0.0
6.0,294.0,151.0,30.0,1.0,1.0,1.0,0.0,0.0,0.0,0.0,0.0,0.0,0.0,0.0,0.0,0.0,0.0,0.0,0.0,0.0,0.0,1.0,2600000,49.0,0.02040816326530612,5.0238805208462765,3.4339872044851463,8820.0,0,0.0,0.0
4.0,166.0,250.0,17.0,1.0,1.0,1.0,0.0,1.0,0.0,1.0,0.0,0.0,0.0,0.0,0.0,0.0,0.0,0.0,0.0,0.0,0.0,0.0,718007,41.5,0.024096385542168676,5.5254529391317835,2.8903717578961645,2822.0,0,0.0,0.0
5.0,246.0,156.0,29.0,1.0,1.0,1.0,0.0,1.0,0.0,0.0,1.0,0.0,0.0,0.0,0.0,0.0,0.0,0.0,0.0,0.0,0.0,0.0,1177720,49.2,0.02032520325203252,5.056245805348308,3.4011973816621555,7134.0,0,0.0,0.0
4.0,196.0,72.0,21.0,1.0,0.0,1.0,0.0,0.0,0.0,0.0,0.0,0.0,0.0,0.0,0.0,1.0,0.0,0.0,0.0,0.0,0.0,0.0,728525,49.0,0.02040816326530612,4.290459441148391,3.091042453358316,4116.0,0,0.0,0.0
5.0,236.0,299.0,40.0,1.0,1.0,0.0,0.0,1.0,0.0,0.0,0.0,1.0,0.0,0.0,0.0,0.0,0.0,0.0,0.0,0.0,0.0,0.0,2286847,47.2,0.0211864406779661,5.703782474656201,3.713572066704308,9440.0,0,0.0,0.0
1.0,30.0,187.0,13.0,1.0,1.0,0.0,0.0,0.0,0.0,0.0,0.0,0.0,1.0,0.0,0.0,0.0,0.0,0.0,0.0,0.0,0.0,0.0,567593,30.0,0.03333333333333333,5.236441962829949,2.639057329615259,390.0,0,0.0,0.0
6.0,273.0,27.0,7.0,1.0,1.0,1.0,0.0,0.0,0.0,0.0,0.0,1.0,0.0,0.0,0.0,0.0,0.0,0.0,0.0,0.0,0.0,0.0,2600000,45.5,0.02197802197802198,3.332204510175204,2.0794415416798357,1911.0,0,0.0,0.0
5.0,261.0,280.0,4.0,1.0,1.0,1.0,0.0,0.0,0.0,0.0,0.0,0.0,0.0,1.0,0.0,0.0,0.0,0.0,0.0,0.0,0.0,0.0,1231964,52.2,0.019157088122605363,5.638354669333745,1.6094379124341003,1044.0,0,0.0,0.0
6.0,260.0,260.0,0.0,1.0,1.0,1.0,1.0,1.0,0.0,0.0,0.0,1.0,0.0,0.0,0.0,0.0,0.0,0.0,0.0,0.0,0.0,0.0,2600000,43.333333333333336,0.023076923076923078,5.564520407322694,0.0,0.0,0,0.0,0.0
1.0,74.0,189.0,18.0,1.0,1.0,0.0,0.0,1.0,0.0,0.0,0.0,0.0,0.0,0.0,0.0,0.0,0.0,0.0,0.0,1.0,0.0,0.0,684234,74.0,0.013513513513513514,5.247024072160486,2.9444389791664403,1332.0,0,0.0,0.0
1.0,32.0,75.0,21.0,1.0,1.0,0.0,0.0,0.0,0.0,0.0,0.0,0.0,0.0,0.0,0.0,0.0,0.0,0.0,1.0,0.0,0.0,0.0,296607,32.0,0.03125,4.330733340286331,3.091042453358316,672.0,0,0.0,0.0
1.0,36.0,49.0,7.0,1.0,0.0,1.0,0.0,0.0,0.0,0.0,0.0,0.0,0.0,0.0,0.0,0.0,0.0,0.0,0.0,0.0,1.0,0.0,480699,36.0,0.027777777777777776,3.912023005428146,2.0794415416798357,252.0,0,0.0,0.0
5.0,241.0,213.0,3.0,1.0,1.0,1.0,0.0,0.0,0.0,0.0,0.0,1.0,0.0,0.0,0.0,0.0,0.0,0.0,0.0,0.0,0.0,0.0,2504289,48.2,0.02074688796680498,5.365976015021851,1.3862943611198906,723.0,0,0.0,0.0
5.0,249.0,98.0,30.0,1.0,1.0,1.0,0.0,1.0,0.0,0.0,0.0,0.0,0.0,0.0,0.0,0.0,0.0,0.0,0.0,0.0,0.0,1.0,2600000,49.8,0.020080321285140562,4.59511985013459,3.4339872044851463,7470.0,0,0.0,0.0
3.0,162.0,29.0,34.0,1.0,1.0,1.0,1.0,0.0,0.0,0.0,0.0,0.0,0.0,0.0,0.0,0.0,0.0,0.0,0.0,0.0,1.0,0.0,1136929,54.0,0.018518518518518517,3.4011973816621555,3.5553480614894135,5508.0,0,0.0,0.0
6.0,253.0,106.0,24.0,1.0,1.0,1.0,0.0,1.0,0.0,0.0,0.0,0.0,0.0,0.0,0.0,0.0,0.0,1.0,0.0,0.0,0.0,0.0,2600000,42.166666666666664,0.023715415019762844,4.672828834461906,3.2188758248682006,6072.0,0,0.0,0.0
3.0,139.0,43.0,12.0,0.0,1.0,0.0,0.0,1.0,0.0,0.0,0.0,0.0,0.0,0.0,0.0,0.0,0.0,0.0,0.0,0.0,1.0,0.0,1243624,46.333333333333336,0.02158273381294964,3.784189633918261,2.5649493574615367,1668.0,0,0.0,0.0
3.0,124.0,153.0,24.0,1.0,1.0,1.0,0.0,1.0,0.0,0.0,0.0,0.0,1.0,0.0,0.0,0.0,0.0,0.0,0.0,0.0,0.0,0.0,1521360,41.333333333333336,0.024193548387096774,5.0369526024136295,3.2188758248682006,2976.0,0,0.0,0.0
3.0,169.0,118.0,5.0,1.0,1.0,1.0,0.0,0.0,0.0,0.0,0.0,0.0,0.0,0.0,0.0,0.0,0.0,0.0,1.0,0.0,0.0,0.0,818429,56.333333333333336,0.01775147928994083,4.77912349311153,1.791759469228055,845.0,0,0.0,0.0
4.0,164.0,120.0,3.0,1.0,0.0,0.0,1.0,0.0,0.0,0.0,0.0,0.0,1.0,0.0,0.0,0.0,0.0,0.0,0.0,0.0,0.0,0.0,1678140,41.0,0.024390243902439025,4.795790545596741,1.3862943611198906,492.0,0,0.0,0.0
1.0,73.0,141.0,19.0,1.0,1.0,1.0,0.0,0.0,0.0,0.0,0.0,0.0,0.0,0.0,0.0,1.0,0.0,0.0,0.0,0.0,0.0,0.0,341839,73.0,0.0136986301369863,4.955827057601261,2.995732273553991,1387.0,0,0.0,0.0
2.0,120.0,300.0,18.0,1.0,0.0,1.0,0.0,1.0,0.0,0.0,0.0,0.0,0.0,0.0,0.0,0.0,1.0,0.0,0.0,0.0,0.0,0.0,1018714,60.0,0.016666666666666666,5.707110264748875,2.9444389791664403,2160.0,0,0.0,0.0
6.0,302.0,297.0,2.0,1.0,1.0,0.0,1.0,1.0,1.0,0.0,0.0,0.0,0.0,0.0,0.0,0.0,0.0,0.0,0.0,0.0,0.0,0.0,1087533,50.333333333333336,0.019867549668874173,5.697093486505405,1.0986122886681096,604.0,0,0.0,0.0
5.0,231.0,88.0,17.0,1.0,1.0,1.0,0.0,0.0,0.0,0.0,0.0,1.0,0.0,0.0,0.0,0.0,0.0,0.0,0.0,0.0,0.0,0.0,2264817,46.2,0.021645021645021644,4.48863636973214,2.8903717578961645,3927.0,0,0.0,0.0
4.0,176.0,132.0,5.0,1.0,1.0,1.0,0.0,0.0,1.0,0.0,0.0,0.0,0.0,0.0,0.0,0.0,0.0,0.0,0.0,0.0,0.0,0.0,569998,44.0,0.022727272727272728,4.890349128221754,1.791759469228055,880.0,0,0.0,0.0
1.0,169.0,52.0,5.0,1.0,0.0,1.0,0.0,0.0,0.0,0.0,0.0,0.0,0.0,0.0,0.0,0.0,0.0,0.0,0.0,0.0,1.0,0.0,471026,169.0,0.005917159763313609,3.970291913552122,1.791759469228055,845.0,0,0.0,0.0
5.0,206.0,154.0,3.0,1.0,1.0,0.0,0.0,0.0,0.0,0.0,0.0,0.0,0.0,0.0,0.0,0.0,0.0,0.0,1.0,0.0,0.0,0.0,919586,41.2,0.024271844660194174,5.043425116919247,1.3862943611198906,618.0,0,0.0,0.0
1.0,169.0,236.0,33.0,1.0,1.0,1.0,0.0,0.0,0.0,0.0,0.0,0.0,0.0,1.0,0.0,0.0,0.0,0.0,0.0,0.0,0.0,0.0,481866,169.0,0.005917159763313609,5.4680601411351315,3.5263605246161616,5577.0,0,0.0,0.0
2.0,80.0,246.0,27.0,1.0,0.0,0.0,0.0,1.0,0.0,0.0,0.0,0.0,0.0,0.0,0.0,0.0,0.0,0.0,0.0,0.0,1.0,0.0,557909,40.0,0.025,5.5093883366279774,3.332204510175204,2160.0,0,0.0,0.0
2.0,126.0,225.0,3.0,1.0,1.0,0.0,0.0,0.0,0.0,0.0,0.0,0.0,0.0,0.0,0.0,0.0,0.0,0.0,0.0,0.0,0.0,1.0,1441714,63.0,0.015873015873015872,5.420534999272286,1.3862943611198906,378.0,0,0.0,0.0
4.0,169.0,170.0,13.0,1.0,1.0,0.0,0.0,0.0,0.0,0.0,0.0,0.0,1.0,0.0,0.0,0.0,0.0,0.0,0.0,0.0,0.0,0.0,1299815,42.25,0.023668639053254437,5.14166355650266,2.639057329615259,2197.0,0,0.0,0.0
3.0,164.0,226.0,8.0,0.0,1.0,1.0,0.0,1.0,0.0,1.0,0.0,0.0,0.0,0.0,0.0,0.0,0.0,0.0,0.0,0.0,0.0,0.0,571904,54.666666666666664,0.018292682926829267,5.424950017481403,2.1972245773362196,1312.0,0,0.0,0.0
6.0,290.0,86.0,39.0,1.0,1.0,1.0,1.0,1.0,0.0,0.0,0.0,0.0,0.0,0.0,1.0,0.0,0.0,0.0,0.0,0.0,0.0,0.0,1612959,48.333333333333336,0.020689655172413793,4.465908118654584,3.6888794541139363,11310.0,0,0.0,0.0
4.0,218.0,145.0,7.0,1.0,1.0,1.0,0.0,1.0,0.0,0.0,0.0,0.0,0.0,0.0,0.0,0.0,1.0,0.0,0.0,0.0,0.0,0.0,1915811,54.5,0.01834862385321101,4.983606621708336,2.0794415416798357,1526.0,0,0.0,0.0
4.0,194.0,299.0,26.0,1.0,1.0,1.0,0.0,1.0,0.0,0.0,0.0,0.0,0.0,0.0,0.0,0.0,0.0,0.0,0.0,0.0,1.0,0.0,1118967,48.5,0.020618556701030927,5.703782474656201,3.295836866004329,5044.0,0,0.0,0.0
6.0,295.0,11.0,30.0,1.0,1.0,1.0,0.0,0.0,1.0,0.0,0.0,0.0,0.0,0.0,0.0,0.0,0.0,0.0,0.0,0.0,0.0,0.0,896416,49.166666666666664,0.020338983050847456,2.4849066497880004,3.4339872044851463,8850.0,0,0.0,0.0
1.0,42.0,241.0,2.0,1.0,1.0,1.0,0.0,0.0,0.0,0.0,0.0,0.0,0.0,0.0,0.0,0.0,1.0,0.0,0.0,0.0,0.0,0.0,718058,42.0,0.023809523809523808,5.488937726156687,1.0986122886681096,84.0,0,0.0,0.0
3.0,115.0,81.0,11.0,1.0,1.0,0.0,0.0,0.0,0.0,0.0,0.0,0.0,0.0,0.0,0.0,0.0,0.0,0.0,0.0,1.0,0.0,0.0,1037226,38.333333333333336,0.02608695652173913,4.406719247264253,2.4849066497880004,1265.0,0,0.0,0.0
4.0,171.0,241.0,37.0,1.0,1.0,1.0,0.0,1.0,0.0,0.0,0.0,0.0,0.0,1.0,0.0,0.0,0.0,0.0,0.0,0.0,0.0,0.0,1197233,42.75,0.023391812865497075,5.488937726156687,3.6375861597263857,6327.0,0,0.0,0.0
1.0,59.0,273.0,25.0,1.0,1.0,1.0,0.0,0.0,0.0,0.0,0.0,0.0,0.0,0.0,0.0,0.0,0.0,1.0,0.0,0.0,0.0,0.0,894878,59.0,0.01694915254237288,5.6131281063880705,3.258096538021482,1475.0,0,0.0,0.0
6.0,256.0,125.0,7.0,1.0,1.0,0.0,0.0,0.0,0.0,0.0,0.0,0.0,0.0,0.0,0.0,0.0,0.0,0.0,0.0,0.0,1.0,0.0,1365310,42.666666666666664,0.0234375,4.836281906951478,2.0794415416798357,1792.0,0,0.0,0.0
5.0,169.0,65.0,15.0,1.0,1.0,1.0,1.0,0.0,0.0,0.0,0.0,0.0,0.0,0.0,1.0,0.0,0.0,0.0,0.0,0.0,0.0,0.0,1160062,33.8,0.029585798816568046,4.189654742026425,2.772588722239781,2535.0,0,0.0,0.0
5.0,238.0,115.0,31.0,1.0,1.0,1.0,1.0,0.0,0.0,0.0,0.0,0.0,0.0,0.0,0.0,0.0,0.0,1.0,0.0,0.0,0.0,0.0,2600000,47.6,0.02100840336134454,4.7535901911063645,3.4657359027997265,7378.0,0,0.0,0.0
4.0,178.0,213.0,15.0,1.0,1.0,0.0,1.0,1.0,0.0,0.0,0.0,0.0,1.0,0.0,0.0,0.0,0.0,0.0,0.0,0.0,0.0,0.0,2257352,44.5,0.02247191011235955,5.365976015021851,2.772588722239781,2670.0,0,0.0,0.0
6.0,260.0,63.0,1.0,1.0,1.0,0.0,0.0,0.0,0.0,0.0,0.0,0.0,0.0,0.0,0.0,0.0,0.0,0.0,0.0,0.0,1.0,0.0,1680764,43.333333333333336,0.023076923076923078,4.1588830833596715,0.6931471805599453,260.0,0,0.0,0.0
6.0,301.0,297.0,29.0,1.0,1.0,1.0,0.0,0.0,0.0,0.0,0.0,0.0,0.0,0.0,0.0,0.0,0.0,0.0,0.0,0.0,0.0,1.0,2600000,50.166666666666664,0.019933554817275746,5.697093486505405,3.4011973816621555,8729.0,0,0.0,0.0
1.0,37.0,153.0,16.0,0.0,1.0,1.0,0.0,0.0,0.0,1.0,0.0,0.0,0.0,0.0,0.0,0.0,0.0,0.0,0.0,0.0,0.0,0.0,221451,37.0,0.02702702702702703,5.0369526024136295,2.833213344056216,592.0,0,0.0,0.0
6.0,256.0,286.0,38.0,1.0,1.0,0.0,0.0,0.0,0.0,0.0,0.0,0.0,1.0,0.0,0.0,0.0,0.0,0.0,0.0,0.0,0.0,0.0,1887787,42.666666666666664,0.0234375,5.659482215759621,3.6635616461296463,9728.0,0,0.0,0.0
3.0,141.0,268.0,14.0,1.0,1.0,0.0,0.0,0.0,0.0,0.0,0.0,1.0,0.0,0.0,0.0,0.0,0.0,0.0,0.0,0.0,0.0,0.0,1203784,47.0,0.02127659574468085,5.594711379601839,2.70805020110221,1974.0,0,0.0,0.0
2.0,75.0,216.0,5.0,1.0,1.0,1.0,0.0,1.0,0.0,1.0,0.0,0.0,0.0,0.0,0.0,0.0,0.0,0.0,0.0,0.0,0.0,0.0,596160,37.5,0.02666666666666667,5.37989735354046,1.791759469228055,375.0,0,0.0,0.0
2.0,169.0,65.0,31.0,1.0,1.0,1.0,0.0,0.0,0.0,0.0,0.0,0.0,0.0,0.0,0.0,0.0,0.0,0.0,0.0,0.0,1.0,0.0,853351,84.5,0.011834319526627219,4.189654742026425,3.4657359027997265,5239.0,0,0.0,0.0
2.0,108.0,153.0,18.0,1.0,1.0,0.0,0.0,1.0,0.0,0.0,0.0,0.0,0.0,1.0,0.0,0.0,0.0,0.0,0.0,0.0,0.0,0.0,837956,54.0,0.018518518518518517,5.0369526024136295,2.9444389791664403,1944.0,0,0.0,0.0
5.0,223.0,293.0,16.0,1.0,1.0,0.0,0.0,1.0,0.0,0.0,0.0,0.0,0.0,0.0,0.0,0.0,0.0,0.0,0.0,0.0,0.0,1.0,2600000,44.6,0.02242152466367713,5.683579767338681,2.833213344056216,3568.0,0,0.0,0.0
6.0,270.0,78.0,4.0,1.0,1.0,1.0,0.0,0.0,0.0,0.0,0.0,0.0,0.0,0.0,0.0,0.0,0.0,0.0,0.0,1.0,0.0,0.0,1780867,45.0,0.022222222222222223,4.3694478524670215,1.6094379124341003,1080.0,0,0.0,0.0
4.0,212.0,137.0,31.0,1.0,1.0,0.0,1.0,1.0,0.0,0.0,0.0,0.0,0.0,0.0,0.0,0.0,0.0,0.0,0.0,0.0,0.0,1.0,2600000,53.0,0.018867924528301886,4.927253685157205,3.4657359027997265,6572.0,0,0.0,0.0
3.0,153.0,26.0,31.0,1.0,1.0,1.0,0.0,1.0,0.0,0.0,0.0,0.0,0.0,1.0,0.0,0.0,0.0,0.0,0.0,0.0,0.0,0.0,1015575,51.0,0.0196078431372549,3.295836866004329,3.4657359027997265,4743.0,0,0.0,0.0
6.0,169.0,186.0,36.0,1.0,1.0,1.0,0.0,0.0,0.0,0.0,0.0,0.0,0.0,0.0,0.0,0.0,0.0,0.0,0.0,0.0,0.0,1.0,2600000,28.166666666666668,0.03550295857988166,5.231108616854587,3.6109179126442243,6084.0,0,0.0,0.0
4.0,210.0,215.0,17.0,1.0,1.0,0.0,0.0,0.0,0.0,0.0,0.0,0.0,0.0,0.0,0.0,0.0,0.0,1.0,0.0,0.0,0.0,0.0,2600000,52.5,0.01904761904761905,5.375278407684165,2.8903717578961645,3570.0,0,0.0,0.0
1.0,36.0,217.0,20.0,1.0,1.0,1.0,0.0,0.0,0.0,0.0,0.0,0.0,1.0,0.0,0.0,0.0,0.0,0.0,0.0,0.0,0.0,0.0,637441,36.0,0.027777777777777776,5.384495062789089,3.044522437723423,720.0,0,0.0,0.0
2.0,97.0,53.0,0.0,1.0,0.0,0.0,1.0,1.0,1.0,0.0,0.0,0.0,0.0,0.0,0.0,0.0,0.0,0.0,0.0,0.0,0.0,0.0,598488,48.5,0.020618556701030927,3.9889840465642745,0.0,0.0,0,0.0,0.0
4.0,173.0,179.0,0.0,1.0,1.0,1.0,0.0,0.0,0.0,1.0,0.0,0.0,0.0,0.0,0.0,0.0,0.0,0.0,0.0,0.0,0.0,0.0,699138,43.25,0.023121387283236993,5.19295685089021,0.0,0.0,0,0.0,0.0
4.0,277.0,238.0,15.0,1.0,1.0,0.0,1.0,1.0,1.0,0.0,0.0,0.0,0.0,0.0,0.0,0.0,0.0,0.0,0.0,0.0,0.0,0.0,988040,69.25,0.01444043321299639,5.476463551931511,2.772588722239781,4155.0,0,0.0,0.0
5.0,221.0,197.0,3.0,1.0,1.0,1.0,0.0,0.0,0.0,0.0,0.0,0.0,0.0,0.0,0.0,0.0,0.0,0.0,0.0,0.0,0.0,1.0,2311703,44.2,0.02262443438914027,5.288267030694535,1.3862943611198906,663.0,0,0.0,0.0
6.0,278.0,139.0,18.0,1.0,1.0,0.0,1.0,0.0,0.0,0.0,0.0,0.0,0.0,0.0,0.0,0.0,0.0,0.0,0.0,0.0,1.0,0.0,2600000,46.333333333333336,0.02158273381294964,4.941642422609304,2.9444389791664403,5004.0,0,0.0,0.0
3.0,151.0,45.0,23.0,1.0,1.0,0.0,0.0,1.0,0.0,0.0,0.0,0.0,0.0,0.0,0.0,0.0,1.0,0.0,0.0,0.0,0.0,0.0,1069218,50.333333333333336,0.019867549668874173,3.828641396489095,3.1780538303479458,3473.0,0,0.0,0.0
4.0,169.0,159.0,14.0,1.0,0.0,1.0,0.0,1.0,0.0,0.0,0.0,0.0,0.0,0.0,0.0,0.0,0.0,0.0,1.0,0.0,0.0,0.0,981613,42.25,0.023668639053254437,5.075173815233827,2.70805020110221,2366.0,0,0.0,0.0
1.0,58.0,147.0,16.0,1.0,1.0,1.0,0.0,0.0,0.0,0.0,1.0,0.0,0.0,0.0,0.0,0.0,0.0,0.0,0.0,0.0,0.0,0.0,511294,58.0,0.017241379310344827,4.997212273764115,2.833213344056216,928.0,0,0.0,0.0
4.0,216.0,133.0,15.0,1.0,1.0,1.0,0.0,0.0,0.0,0.0,0.0,0.0,0.0,0.0,0.0,0.0,0.0,0.0,0.0,0.0,0.0,1.0,2571093,54.0,0.018518518518518517,4.897839799950911,2.772588722239781,3240.0,0,0.0,0.0
1.0,32.0,182.0,3.0,1.0,1.0,1.0,1.0,0.0,0.0,0.0,0.0,0.0,0.0,0.0,0.0,0.0,0.0,0.0,1.0,0.0,0.0,0.0,617267,32.0,0.03125,5.209486152841421,1.3862943611198906,96.0,0,0.0,0.0
2.0,88.0,140.0,12.0,1.0,1.0,0.0,0.0,1.0,0.0,0.0,0.0,0.0,0.0,0.0,0.0,0.0,1.0,0.0,0.0,0.0,0.0,0.0,924635,44.0,0.022727272727272728,4.948759890378168,2.5649493574615367,1056.0,0,0.0,0.0
5.0,229.0,54.0,11.0,1.0,1.0,1.0,1.0,0.0,0.0,0.0,0.0,0.0,0.0,0.0,0.0,0.0,0.0,0.0,1.0,0.0,0.0,0.0,1488004,45.8,0.021834061135371178,4.007333185232471,2.4849066497880004,2519.0,0,0.0,0.0
1.0,30.0,255.0,22.0,1.0,1.0,1.0,0.0,0.0,0.0,0.0,0.0,0.0,0.0,0.0,0.0,0.0,0.0,1.0,0.0,0.0,0.0,0.0,812126,30.0,0.03333333333333333,5.545177444479562,3.1354942159291497,660.0,0,0.0,0.0
2.0,98.0,113.0,29.0,1.0,1.0,0.0,0.0,1.0,0.0,0.0,0.0,0.0,0.0,1.0,0.0,0.0,0.0,0.0,0.0,0.0,0.0,0.0,623723,49.0,0.02040816326530612,4.736198448394496,3.4011973816621555,2842.0,0,0.0,0.0
6.0,169.0,177.0,24.0,1.0,1.0,1.0,0.0,1.0,0.0,0.0,0.0,1.0,0.0,0.0,0.0,0.0,0.0,0.0,0.0,0.0,0.0,0.0,2600000,28.166666666666668,0.03550295857988166,5.181783550292085,3.2188758248682006,4056.0,0,0.0,0.0
3.0,157.0,227.0,20.0,0.0,1.0,1.0,0.0,1.0,0.0,1.0,0.0,0.0,0.0,0.0,0.0,0.0,0.0,0.0,0.0,0.0,0.0,0.0,569075,52.333333333333336,0.01910828025477707,5.429345628954441,3.044522437723423,3140.0,0,0.0,0.0
4.0,205.0,105.0,33.0,1.0,1.0,0.0,1.0,1.0,0.0,0.0,0.0,0.0,0.0,0.0,0.0,0.0,1.0,0.0,0.0,0.0,0.0,0.0,1859845,51.25,0.01951219512195122,4.663439094112067,3.5263605246161616,6765.0,0,0.0,0.0
4.0,197.0,296.0,37.0,1.0,1.0,1.0,0.0,0.0,0.0,0.0,0.0,0.0,0.0,0.0,0.0,0.0,1.0,0.0,0.0,0.0,0.0,0.0,1266130,49.25,0.02030456852791878,5.6937321388027,3.6375861597263857,7289.0,0,0.0,0.0
4.0,171.0,153.0,38.0,1.0,1.0,1.0,0.0,0.0,0.0,0.0,0.0,0.0,0.0,0.0,0.0,0.0,1.0,0.0,0.0,0.0,0.0,0.0,1557746,42.75,0.023391812865497075,5.0369526024136295,3.6635616461296463,6498.0,0,0.0,0.0
2.0,105.0,87.0,27.0,1.0,1.0,0.0,0.0,0.0,0.0,0.0,1.0,0.0,0.0,0.0,0.0,0.0,0.0,0.0,0.0,0.0,0.0,0.0,623265,52.5,0.01904761904761905,4.477336814478207,3.332204510175204,2835.0,0,0.0,0.0
2.0,87.0,135.0,1.0,0.0,1.0,0.0,0.0,0.0,0.0,0.0,0.0,1.0,0.0,0.0,0.0,0.0,0.0,0.0,0.0,0.0,0.0,0.0,969164,43.5,0.022988505747126436,4.912654885736052,0.6931471805599453,87.0,0,0.0,0.0
4.0,169.0,132.0,26.0,1.0,1.0,0.0,0.0,1.0,0.0,0.0,0.0,0.0,0.0,0.0,1.0,0.0,0.0,0.0,0.0,0.0,0.0,0.0,772010,42.25,0.023668639053254437,4.890349128221754,3.295836866004329,4394.0,0,0.0,0.0
2.0,120.0,7.0,3.0,1.0,1.0,1.0,0.0,1.0,0.0,0.0,0.0,0.0,1.0,0.0,0.0,0.0,0.0,0.0,0.0,0.0,0.0,0.0,1708148,60.0,0.016666666666666666,2.0794415416798357,1.3862943611198906,360.0,0,0.0,0.0
4.0,192.0,277.0,17.0,1.0,1.0,1.0,0.0,1.0,0.0,0.0,0.0,0.0,0.0,0.0,0.0,0.0,0.0,0.0,0.0,0.0,0.0,1.0,2600000,48.0,0.020833333333333332,5.627621113690637,2.8903717578961645,3264.0,0,0.0,0.0
6.0,259.0,153.0,31.0,1.0,1.0,1.0,0.0,0.0,0.0,1.0,0.0,0.0,0.0,0.0,0.0,0.0,0.0,0.0,0.0,0.0,0.0,0.0,1050450,43.166666666666664,0.023166023166023165,5.0369526024136295,3.4657359027997265,8029.0,0,0.0,0.0
3.0,145.0,67.0,37.0,1.0,0.0,1.0,0.0,0.0,1.0,0.0,0.0,0.0,0.0,0.0,0.0,0.0,0.0,0.0,0.0,0.0,0.0,0.0,459826,48.333333333333336,0.020689655172413793,4.219507705176107,3.6375861597263857,5365.0,0,0.0,0.0
2.0,94.0,210.0,8.0,1.0,1.0,0.0,1.0,0.0,0.0,0.0,0.0,0.0,0.0,0.0,0.0,0.0,1.0,0.0,0.0,0.0,0.0,0.0,1183943,47.0,0.02127659574468085,5.351858133476067,2.1972245773362196,752.0,0,0.0,0.0
4.0,175.0,42.0,8.0,1.0,1.0,1.0,1.0,0.0,0.0,0.0,0.0,0.0,0.0,0.0,0.0,0.0,0.0,0.0,0.0,0.0,1.0,0.0,846374,43.75,0.022857142857142857,3.7612001156935624,2.1972245773362196,1400.0,0,0.0,0.0
4.0,192.0,259.0,30.0,1.0,1.0,1.0,0.0,1.0,0.0,0.0,0.0,0.0,0.0,0.0,0.0,0.0,0.0,1.0,0.0,0.0,0.0,0.0,2534681,48.0,0.020833333333333332,5.560681631015528,3.4339872044851463,5760.0,0,0.0,0.0
4.0,215.0,88.0,2.0,1.0,1.0,1.0,0.0,0.0,0.0,0.0,0.0,0.0,0.0,0.0,0.0,0.0,0.0,0.0,0.0,0.0,1.0,0.0,1274350,53.75,0.018604651162790697,4.48863636973214,1.0986122886681096,430.0,0,0.0,0.0
5.0,241.0,205.0,4.0,1.0,1.0,0.0,0.0,1.0,0.0,0.0,0.0,0.0,0.0,0.0,0.0,0.0,0.0,0.0,0.0,1.0,0.0,0.0,1675700,48.2,0.02074688796680498,5.327876168789581,1.6094379124341003,964.0,0,0.0,0.0
2.0,127.0,42.0,12.0,1.0,1.0,0.0,0.0,0.0,0.0,0.0,0.0,1.0,0.0,0.0,0.0,0.0,0.0,0.0,0.0,0.0,0.0,0.0,1296838,63.5,0.015748031496062992,3.7612001156935624,2.5649493574615367,1524.0,0,0.0,0.0
5.0,207.0,275.0,32.0,1.0,1.0,0.0,0.0,0.0,0.0,0.0,0.0,0.0,1.0,0.0,0.0,0.0,0.0,0.0,0.0,0.0,0.0,0.0,1633760,41.4,0.024154589371980676,5.62040086571715,3.4965075614664802,6624.0,0,0.0,0.0
3.0,173.0,144.0,21.0,1.0,0.0,0.0,0.0,0.0,0.0,1.0,0.0,0.0,0.0,0.0,0.0,0.0,0.0,0.0,0.0,0.0,0.0,0.0,647110,57.666666666666664,0.017341040462427744,4.976733742420574,3.091042453358316,3633.0,0,0.0,0.0
2.0,125.0,165.0,0.0,1.0,1.0,1.0,1.0,0.0,0.0,0.0,0.0,0.0,0.0,0.0,0.0,1.0,0.0,0.0,0.0,0.0,0.0,0.0,872872,62.5,0.016,5.111987788356544,0.0,0.0,0,0.0,0.0
4.0,217.0,211.0,23.0,1.0,1.0,0.0,0.0,0.0,0.0,0.0,0.0,0.0,0.0,0.0,0.0,1.0,0.0,0.0,0.0,0.0,0.0,0.0,773800,54.25,0.018433179723502304,5.356586274672012,3.1780538303479458,4991.0,0,0.0,0.0
3.0,126.0,89.0,38.0,1.0,1.0,1.0,0.0,0.0,0.0,0.0,0.0,0.0,0.0,0.0,0.0,1.0,0.0,0.0,0.0,0.0,0.0,0.0,656963,42.0,0.023809523809523808,4.499809670330265,3.6635616461296463,4788.0,0,0.0,0.0
4.0,266.0,185.0,20.0,1.0,1.0,1.0,1.0,0.0,0.0,0.0,1.0,0.0,0.0,0.0,0.0,0.0,0.0,0.0,0.0,0.0,0.0,0.0,1702764,66.5,0.015037593984962405,5.225746673713202,3.044522437723423,5320.0,0,0.0,0.0
3.0,150.0,254.0,2.0,1.0,1.0,1.0,1.0,1.0,0.0,0.0,0.0,0.0,0.0,0.0,0.0,1.0,0.0,0.0,0.0,0.0,0.0,0.0,951743,50.0,0.02,5.541263545158426,1.0986122886681096,300.0,0,0.0,0.0
4.0,210.0,141.0,19.0,1.0,0.0,0.0,0.0,0.0,0.0,0.0,0.0,0.0,0.0,0.0,0.0,0.0,0.0,0.0,1.0,0.0,0.0,0.0,915551,52.5,0.01904761904761905,4.955827057601261,2.995732273553991,3990.0,0,0.0,0.0
1.0,79.0,123.0,21.0,1.0,1.0,1.0,0.0,0.0,0.0,0.0,0.0,0.0,0.0,0.0,0.0,0.0,1.0,0.0,0.0,0.0,0.0,0.0,919045,79.0,0.012658227848101266,4.820281565605037,3.091042453358316,1659.0,0,0.0,0.0
2.0,109.0,234.0,8.0,1.0,0.0,0.0,0.0,0.0,0.0,0.0,0.0,1.0,0.0,0.0,0.0,0.0,0.0,0.0,0.0,0.0,0.0,0.0,902908,54.5,0.01834862385321101,5.459585514144159,2.1972245773362196,872.0,0,0.0,0.0
1.0,52.0,78.0,37.0,1.0,1.0,1.0,0.0,0.0,0.0,0.0,0.0,0.0,0.0,0.0,0.0,0.0,0.0,0.0,0.0,0.0,1.0,0.0,456328,52.0,0.019230769230769232,4.3694478524670215,3.6375861597263857,1924.0,0,0.0,0.0
3.0,139.0,237.0,38.0,1.0,0.0,1.0,0.0,0.0,0.0,1.0,0.0,0.0,0.0,0.0,0.0,0.0,0.0,0.0,0.0,0.0,0.0,0.0,559592,46.333333333333336,0.02158273381294964,5.472270673671475,3.6635616461296463,5282.0,0,0.0,0.0
3.0,167.0,29.0,20.0,1.0,1.0,1.0,1.0,0.0,0.0,0.0,0.0,0.0,0.0,0.0,0.0,0.0,1.0,0.0,0.0,0.0,0.0,0.0,1943935,55.666666666666664,0.017964071856287425,3.4011973816621555,3.044522437723423,3340.0,0,0.0,0.0
1.0,37.0,113.0,21.0,1.0,0.0,1.0,0.0,0.0,0.0,1.0,0.0,0.0,0.0,0.0,0.0,0.0,0.0,0.0,0.0,0.0,0.0,0.0,223992,37.0,0.02702702702702703,4.736198448394496,3.091042453358316,777.0,0,0.0,0.0
5.0,232.0,85.0,4.0,1.0,1.0,1.0,0.0,1.0,1.0,0.0,0.0,0.0,0.0,0.0,0.0,0.0,0.0,0.0,0.0,0.0,0.0,0.0,919685,46.4,0.021551724137931036,4.454347296253507,1.6094379124341003,928.0,0,0.0,0.0
4.0,198.0,131.0,9.0,1.0,1.0,1.0,0.0,0.0,0.0,0.0,0.0,0.0,0.0,0.0,0.0,0.0,0.0,0.0,0.0,1.0,0.0,0.0,1140448,49.5,0.020202020202020204,4.882801922586371,2.302585092994046,1782.0,0,0.0,0.0
5.0,235.0,293.0,34.0,1.0,1.0,1.0,0.0,1.0,0.0,0.0,0.0,0.0,0.0,0.0,0.0,0.0,0.0,0.0,0.0,0.0,1.0,0.0,1466574,47.0,0.02127659574468085,5.683579767338681,3.5553480614894135,7990.0,0,0.0,0.0
2.0,74.0,77.0,9.0,1.0,1.0,1.0,0.0,0.0,0.0,0.0,0.0,0.0,1.0,0.0,0.0,0.0,0.0,0.0,0.0,0.0,0.0,0.0,873429,37.0,0.02702702702702703,4.356708826689592,2.302585092994046,666.0,0,0.0,0.0
3.0,119.0,257.0,5.0,1.0,1.0,0.0,0.0,0.0,0.0,0.0,0.0,0.0,0.0,0.0,0.0,0.0,0.0,0.0,0.0,0.0,0.0,1.0,1690726,39.666666666666664,0.025210084033613446,5.552959584921617,1.791759469228055,595.0,0,0.0,0.0
6.0,290.0,246.0,38.0,1.0,1.0,1.0,0.0,1.0,0.0,0.0,0.0,1.0,0.0,0.0,0.0,0.0,0.0,0.0,0.0,0.0,0.0,0.0,2600000,48.333333333333336,0.020689655172413793,5.5093883366279774,3.6635616461296463,11020.0,0,0.0,0.0
4.0,180.0,211.0,18.0,1.0,0.0,0.0,0.0,0.0,1.0,0.0,0.0,0.0,0.0,0.0,0.0,0.0,0.0,0.0,0.0,0.0,0.0,0.0,493603,45.0,0.022222222222222223,5.356586274672012,2.9444389791664403,3240.0,0,0.0,0.0
6.0,302.0,114.0,10.0,1.0,1.0,1.0,0.0,1.0,0.0,0.0,0.0,0.0,0.0,0.0,0.0,0.0,0.0,0.0,0.0,0.0,1.0,0.0,1745877,50.333333333333336,0.019867549668874173,4.74493212836325,2.3978952727983707,3020.0,0,0.0,0.0
2.0,169.0,300.0,23.0,1.0,0.0,1.0,1.0,0.0,0.0,0.0,0.0,0.0,0.0,0.0,0.0,0.0,1.0,0.0,0.0,0.0,0.0,0.0,1338887,84.5,0.011834319526627219,5.707110264748875,3.1780538303479458,3887.0,0,0.0,0.0
3.0,169.0,76.0,32.0,1.0,0.0,0.0,0.0,1.0,0.0,0.0,0.0,0.0,0.0,0.0,0.0,0.0,0.0,0.0,0.0,0.0,0.0,1.0,1995431,56.333333333333336,0.01775147928994083,4.343805421853684,3.4965075614664802,5408.0,0,0.0,0.0
3.0,162.0,211.0,28.0,1.0,1.0,0.0,1.0,1.0,0.0,0.0,0.0,0.0,1.0,0.0,0.0,0.0,0.0,0.0,0.0,0.0,0.0,0.0,1928433,54.0,0.018518518518518517,5.356586274672012,3.367295829986474,4536.0,0,0.0,0.0
4.0,171.0,17.0,13.0,1.0,1.0,1.0,0.0,0.0,0.0,0.0,0.0,1.0,0.0,0.0,0.0,0.0,0.0,0.0,0.0,0.0,0.0,0.0,1967570,42.75,0.023391812865497075,2.8903717578961645,2.639057329615259,2223.0,0,0.0,0.0
4.0,82.0,29.0,39.0,0.0,1.0,1.0,1.0,0.0,0.0,0.0,0.0,0.0,0.0,0.0,1.0,0.0,0.0,0.0,0.0,0.0,0.0,0.0,457947,20.5,0.04878048780487805,3.4011973816621555,3.6888794541139363,3198.0,0,0.0,0.0
2.0,118.0,201.0,12.0,1.0,1.0,1.0,1.0,0.0,0.0,0.0,0.0,0.0,0.0,0.0,0.0,0.0,0.0,0.0,1.0,0.0,0.0,0.0,954055,59.0,0.01694915254237288,5.308267697401205,2.5649493574615367,1416.0,0,0.0,0.0
6.0,307.0,213.0,29.0,1.0,1.0,0.0,1.0,1.0,0.0,0.0,0.0,0.0,0.0,0.0,0.0,0.0,1.0,0.0,0.0,0.0,0.0,0.0,2559567,51.166666666666664,0.019543973941368076,5.365976015021851,3.4011973816621555,8903.0,0,0.0,0.0
4.0,200.0,257.0,16.0,1.0,1.0,1.0,0.0,0.0,0.0,0.0,0.0,0.0,0.0,0.0,1.0,0.0,0.0,0.0,0.0,0.0,0.0,0.0,909285,50.0,0.02,5.552959584921617,2.833213344056216,3200.0,0,0.0,0.0
5.0,208.0,239.0,22.0,1.0,1.0,1.0,1.0,0.0,0.0,0.0,0.0,1.0,0.0,0.0,0.0,0.0,0.0,0.0,0.0,0.0,0.0,0.0,2580300,41.6,0.02403846153846154,5.480638923341991,3.1354942159291497,4576.0,0,0.0,0.0
4.0,201.0,245.0,31.0,1.0,1.0,0.0,0.0,1.0,0.0,0.0,0.0,0.0,0.0,0.0,1.0,0.0,0.0,0.0,0.0,0.0,0.0,0.0,735393,50.25,0.01990049751243781,5.5053315359323625,3.4657359027997265,6231.0,0,0.0,0.0
